http://krsmanovic.org/kontakt/,"Kontakt - AKUD Univerziteta u Beogradu ""Branko KrsmanoviÄ‡""",1
http://www.kudsumadija05.org.rs/folklor/kud/kontakt.htm,"Kulturno umetniko drutvo ""umadija 05""",2
http://www.maliidos.com/index/page/id/90/lg/sr,OpÅ¡tina Mali IÄ‘oÅ¡,3
http://www.cioff-serbia.org/ensembles/kulturno-umetnicko-drustvo-abrasevic/,Kulturno umetniÄko druÅ¡tvo â€AbraÅ¡eviÄ‡â€œ | ,4
https://talija.rs/kontakt,Kontakt - UmetniÄki Centar Talija,5
https://www.mojgrad.rs/Zrenjanin/Ostale-ustanove-kulture/KULTURNO-UMETNICKO-DRUSTVO-PETEFI-123433, KULTURNO UMETNIÄŒKO DRUÅ TVO PETEFI | mojgrad.rs ,6
http://maliidjos.rs/index/page/id/90/lg/sr,OpÅ¡tina Mali IÄ‘oÅ¡,7
http://www.kudgradimir.org.rs/,KĞ£Ğ” Ğ“Ñ€Ğ°Ğ´Ğ¸Ğ¼Ğ¸Ñ€ | Ğ‘ĞµĞ¾Ğ³Ñ€Ğ°Ğ´,8
https://www.radiokontaktplus.org/vesti/odrzan-novogodisnji-koncert-kulturno-umetnickog-drustva-zvecan-foto/23415,OdrÅ¾an novogodiÅ¡nji koncert Kulturno-umetniÄkog druÅ¡tva â€œZveÄanâ€ (FOTO) - Radio Kontakt Plus,9
https://www.011info.com/kulturno-umetnicka-drustva/kud-dimitrije-koturovic,"KUD DIMITRIJE KOTUROVIÄ† |  | Kulturno umetniÄka druÅ¡tva | MiÅ¡ka Kranjca 7, Rakovica Beograd | 011info.com",10
https://www.promis.rs/baza-klubova/item/156-kud-pionir-zrenjanin.html,KUD Pionir Zrenjanin  |  PROMIS online prodavnica sportske i plesne opreme,11
https://sr-rs.facebook.com/kudbatajnica,"KUD ""Batajnica"" - ĞŸĞ¾Ñ‡ĞµÑ‚Ğ½Ğ° ÑÑ‚Ñ€Ğ°Ğ½Ğ¸Ñ†Ğ° | Ğ¤ĞµÑ˜ÑĞ±ÑƒĞº",12
https://sr-rs.facebook.com/abrasevicpancevo/,"Kulturno-umetniÄko DruÅ¡tvo ""AbraÅ¡eviÄ‡""-PanÄevo - ĞŸĞ¾Ñ‡ĞµÑ‚Ğ½Ğ° ÑÑ‚Ñ€Ğ°Ğ½Ğ¸Ñ†Ğ° | Ğ¤ĞµÑ˜ÑĞ±ÑƒĞº",13
https://indjija.net/Page.aspx?id=31,,14,ERROR: <urlopen error [Errno 0] Error>
https://www.planplus.rs/kulturno-umetnicko-drustvo-ivo-lola-ribar/3760,"Kulturno umetniÄko druÅ¡tvo Ivo Lola Ribar, Resavska 11, Beograd (VraÄar) | PlanPlus.rs",15
https://kudmarkovicns.com/,"KUD ""Svetozar MarkoviÄ‡"" â€“ NOVI SAD",16
http://www.kudkrusik.com/kontakt.html,"Kulturno umetniÄko druÅ¡tvo ""KruÅ¡ik"" Valjevo",17
https://mtt.org.rs/AdreseudruzenjaVojvodine2009.pdf,,18,ERROR: 'NoneType' object has no attribute 'text'
http://localpress.org.rs/projektnevesti/folklor-kao-izbor-za-mlade/,Folklor kao izbor za mlade â€“ LocalPress,19
https://udruzenje-penzionera-gns.net/KUD.html,udruzenje pgns - KUD,20
http://www.jagodina.autentik.net/kudkablovi/index.php,KUD KABLOVI JAGODINA,21
http://www.kultura.gov.rs/lat/ustanove-kulture/centar-za-negovanje-tradicionalne-kulture-abrasevic-,Ministarstvo kulture i informisanja,22
http://kolo.rs/kontakt/,     ĞšĞ¾Ğ½Ñ‚Ğ°ĞºÑ‚  ĞĞ½ÑĞ°Ğ¼Ğ±Ğ» ĞšĞĞ›Ğ,23
http://www.palilula.org.rs/palilula.php?pID=272&lng=srb,Kultura i umetnost,24
https://www.kudsevojno.com/,,25,ERROR: The read operation timed out
http://www.ugrinovci.rs/kudsedmica/kud-sedmica.html,Ugrinovci - KUD Sedmica,26
https://www.soinfo.org/sombor/kultura/kudovi/,Kulturno-umetniÄka druÅ¡tva - Kultura - Sombor - SOinfo.org - Sombor 24/7,27
https://alpress.rs/kud-ovi-cuvaju-tradiciju/,KUD-ovi Äuvaju tradiciju -,28
http://www.zkvh.org.rs/index.php/lista-udruga/subotica/52-hrvatsko-kulturno-prosvjetno-drutvo-matija-gubec-tavankut,Hrvatsko kulturno-prosvjetno druÅ¡tvo â€Matija Gubecâ€œ â€“ Tavankut,29
http://kudslavkomandic.com/kontakt/,Kontakt â€“ KUD SLAVKO MANDIÄ†,30
http://centarzakulturubor.org.rs/%D0%BA%D0%BE%D0%BD%D1%82%D0%B0%D0%BA%D1%82/?lang=lat,Kontakt | Centar za kulturu grada Bora,31
http://www.11811.rs/PoslovneStrane/KUD-VUK-KARAD%C5%BDI%C4%86/Udru%C5%BEenja/Loznica/316F245E02562B00BE6CF85D6545D37A,KUD VUK KARADÅ½IÄ† | Loznica | UdruÅ¾enja,32
http://www.mmj.org.rs/kontakt.html,Kontakt | Akud MMJ,33
https://kud-zavicaj.ch/?page_id=1489,O Nama / Kontakt â€“ KUD *ZaviÄaj* Winterthur,34
http://www.vienna.mfa.gov.rs/lat/dijasporatext.php?subaction=showfull&id=1348056781&ucat=127&template=MeniENG&,Ğmbasada Republike Srbije u Republici Austriji,35
http://www.raska-turizam.rs/kulturno_umetnicka_drustva.html,TSO RaÅ¡ka,36
http://www.kulcentar.com/udru%C5%BEenja/item/145-gkud-laza-nan%C4%8Di%C4%87-vr%C5%A1ac,"GKUD ""Laza NanÄiÄ‡ ""-VrÅ¡ac",37
https://nemanjazujic.wordpress.com/kulturno-umetnicko-drustvo-kupinik/,,38,ERROR: Remote end closed connection without response
https://www.navidiku.rs/firme/kulturno-umetnicko-drustvo,"Kulturno umetnicko drustvo, Kulturno umetniÄka druÅ¡tva u Beogradu",39
https://www.odzaci.rs/srlat/institucije/nevladine-organizacije-oblasti,,40
http://www.ansambl-elektroporcelan.com/index.php?option=com_content&view=category&layout=blog&id=17&Itemid=19&lang=sr,,41,ERROR: HTTP Error 403: Forbidden
http://www.riznicasrpska.net/muzika/index.php?topic=248.0,"KUD ""Izvor"" Pariz",42
https://sr.wikipedia.org/sr-el/%D0%93%D0%9A%D0%A3%D0%94_%D0%A1%D0%BE%D0%BC%D0%B1%D0%BE%D1%80,"GKUD Sombor â€” Vikipedija, slobodna enciklopedija",43
https://info4youth.rs/akademsko-kulturno-umetnicko-drustvo-sonja-marinkovic/,"Akademsko kulturno - umetniÄko druÅ¡tvo ""Sonja MarinkoviÄ‡"" - info4youth.rs",44
http://kudradicevic.rs/kontakt/,KUD Branko RadiÄeviÄ‡ - Zemun - Kontaktirajte nas!,45
https://search.bisnode.rs/rs/943591/kud-milic-od-macve/,KUD MILIÄ† OD MAÄŒVE - Bisnode,46
https://becej.net/view_files.php?action=udruzenja,Privredni vodiÄ BeÄeja,47
http://www.mc.rs/upload/documents/projekti/Adresar-romskih_NVO.pdf,,48,ERROR: 'NoneType' object has no attribute 'text'
http://www.plesneskole.rs/kud-bole%C4%8D-110.html,,49,ERROR: HTTP Error 406: Not Acceptable
https://kud-ras.com/,,50,ERROR: The read operation timed out
http://www.tucovic.org/indexS.html,"KUD ""Dimitrije Tucovic""",51
http://koturovic.com/sr/,,52
http://www.masterbus.rs/kulturno-umetnicka-drustva.php, Master bus ,53
http://kudizvor.de/index.php?Kontakt,Kulturno umetniÄko druÅ¡tvo IzVoR | Kontakt / Kontakte,54
http://kudzlatibor.rs/kontakt.html,ĞšÑƒĞ»Ñ‚ÑƒÑ€Ğ½Ğ¾ ÑƒĞ¼ĞµÑ‚Ğ½Ğ¸Ñ‡ĞºĞ¾ Ğ´Ñ€ÑƒÑˆÑ‚Ğ²Ğ¾ Ğ—Ğ»Ğ°Ñ‚Ğ¸Ğ±Ğ¾Ñ€ Ğ§Ğ°Ñ˜ĞµÑ‚Ğ¸Ğ½Ğ° - ĞšÑƒĞ´ Ğ—Ğ»Ğ°Ñ‚Ğ¸Ğ±Ğ¾Ñ€,55
https://savezsrba.ro/lat/activitate/formatii-artistice/,UmetniÄka druÅ¡tva - Savez Srba u Rumuniji,56
http://www.toom.rs/index.php?mainAction=showPage&pageid=12707&mark=5,TuristiÄka Organizacija OpÅ¡tine Majdanpek | Manifestacije u 2019.,57
https://telefonski-imenik.biz/kontakt/kulturno-umetnicko-drustvo-jedinstvo-bajmok-67756,"KULTURNO UMETNIÄŒKO DRUÅ TVO JEDINSTVO, Bajmok",58
https://www.velikokolo.org/kontakt.html,"Ğ¤Ğ¾Ğ»ĞºĞ»Ğ¾Ñ€Ğ½Ğ¾ ÑƒĞ´Ñ€ÑƒĞ¶ĞµÑšĞµ ""Ğ’ĞµĞ»Ğ¸ĞºĞ¾ ĞšĞ¾Ğ»Ğ¾""",59
https://www.nasemesto.rs/2018/02/13/kud-sove-iz-ravnog-sela-vrsi-upis-novih-clanova-svi-folklor/,"KUD ""Å ove"" iz Ravnog Sela vrÅ¡i upis novih Älanova, svi na folklor! - NaÅ¡e Mesto",60
https://www.tv4s.rs/20-godina-postojanja-kud-belac-iz-pridvorice/,"20 godina postojanja KUD ,,Belacâ€ iz Pridvorice - TV 4S",61
http://folklor.yuportal.com/,Folklor - Kulturno umetniÄko druÅ¡tvo,62
https://www.soko-banja.org/poslovni-vodic/udruzenja/,UdruÅ¾enja | Sokobanja - ğŸ’š Zeleno srce Srbije,63
https://danijela-commerce.com/portfolio/kulturno-umetnicko-drustvo-mladost-iz-futoga-2018/,"Kulturno-umetniÄko druÅ¡tvo ""Mladost"" iz Futoga â€ Danijela Commerce",64
http://kudbnusic.50webs.com/kontakt.htm,Kulturno umetnicko drustvo ''Branislav Nusic'' - Vladicin Han - Dance folk ansamble from SERBIA,65
http://www.beograd.rs/lat/upoznajte-beograd/1285-muzika/,Muzika|Grad Beograd,66
http://www.kuddrina.com/kontakt-informacije.html,Kontakt Informacije - Kulturno Umetnicko Drustvo Drina,67
https://www.mzv.cz/belgrade/sr/informacije/ceska_manjina/kontakti/index.html,Kontakti | Ambasada Republike ÄŒeÅ¡ke u Beogradu,68
https://www.pttimenik.com/kikinda/edjseg-kulturno-umetnicko-drustvo,"EÄÅ EG KULTURNO UMETNIÄŒKO DRUÅ TVO,  KIKINDA, DOSITEJEVA 36, KIKINDA, Srbija",69
https://www.moja-delatnost.rs/kud-karadzic-loznica-srbija-kina-evropa/kud-karadzic/MMxGgN2g,,70,ERROR: <urlopen error timed out>
http://sportskisavezpancevo.rs/clanovi/,Sportski savez PanÄevo -   ÄŒlanovi,71
http://bogatic-tourism.com/bogatic/kulturni-zivot/,Kulturni Å¾ivot - BogatiÄ‡,72
https://www.025.rs/novo-kulturno-umetnicko-drustvo-carza-pocelo-sa-radom/,Novo kulturno-umetniÄko druÅ¡tvo â€Carzaâ€œ poÄelo sa radom - www.025.rs,73
http://www.kudsvetisava.org.rs/,ĞšĞ£Ğ” Ğ¡Ğ²ĞµÑ‚Ğ¸ Ğ¡Ğ°Ğ²Ğ° - Pocetna,74
http://juznobacki.okrug.gov.rs/sr/backa_palanka_kultura.php?lang=lat,JBUO - BaÄka Palanka - Kultura,75
https://nezavisnakultura.net/clanovi/,ÄŒlanovi - Nezavisna kulturna scena Srbije,76
http://www.djurdjevo.rs/kultura/kud-branislav-nusic/,Kulturno umetniÄko druÅ¡tvo â€œBranislav NuÅ¡iÄ‡â€ | ZvaniÄna prezentacija MZ ÄurÄ‘evo,77
http://www.kudzora.co.rs/,KUD ZORA BEOGRAD,78
https://www.subotica.com/tag/folklor,folklor | Subotica.com,79
https://hnv.org.rs/kultura/udruge/,Kultura - Udruge | Hrvatsko nacionalno vijeÄ‡e u Republici Srbiji,80
http://www.bogatic.rs/page.php?secid=10&pageid=33&mod=allpage,KOC BogatiÄ‡ : OpÅ¡tina BogatiÄ‡ ,81
https://www.krug.rs/vesti/kultura/4017-riznica-na-putu-ka-jubileju-vise-od-igre.html,"PORTAL KRUG - â€Riznicaâ€œ: na putu ka jubileju  - ""ViÅ¡e od igre""",82
https://naissus.info/iv-memorijalni-festival-folklora-dejan-dinic-kud-buklija-trupale/,,83,ERROR: The read operation timed out
http://skc-nis.com/,Ğ¡Ñ‚ÑƒĞ´ĞµĞ½Ñ‚ÑĞºĞ¸ ĞšÑƒĞ»Ñ‚ÑƒÑ€Ğ½Ğ¸ Ğ¦ĞµĞ½Ñ‚Ğ°Ñ€ ĞĞ¸Ñˆ,84
http://www.tent.rs/centar-za-ocuvanje-tradicije-i-kulture-tent,Centar za oÄuvanje tradicije i kulture,85
http://zemun.rs/svecano-obelezene-cetiri-decenije-kud-sedmica/?script=lat,SVEÄŒANO OBELEÅ½ENE ÄŒETIRI DECENIJE KUD ''SEDMICA'' - Zemun : Zemun,86
http://srbi.ch/c/kud-zavicaj-winterthur/,KUD  ZaviÄaj â€“  Winterthur - SRBI.CH - Srbski vodiÄ kroz Å vajcarsku ,87
http://ckvladadivljan.rs/dogadjaji/godisnji-koncert-kud-prelo,"GODIÅ NJI KONCERT KUD ""PRELO"" | Centar za kulturu Vlada Divljan",88
http://www.dobanovci.com/kontakt/,Kontakt â€“ Dobanovci OnLine,89
https://www.borca.info/borcanski-opanak/,BorÄanski opanak - BorÄa Info,90
https://www.kovacica.org/2019/08/20/program-velikogospojinskih-dana-u-crepaji/,OpÅ¡tina KovaÄica  Â» Program Velikogospojinskih dana u Crepaji,91
http://kudstevanmokranjac.com/,"Srpski kulturni centar ""Stevan Mokranjac"" BeÄ, Austrija â€“ Srpski kulturni centar ""Stevan Mokranjac"" BeÄ",92
https://www.koznazna.com/klubovi-i-udruzenja-dijaspore-nemacka/,"Klubovi i udruÅ¾enja dijaspore - NemaÄka - KoZnaZna - Vizni reÅ¾im, putovanja",93
https://starapazova.rs/rs/opstina-stara-pazova/kultura-opstine-stara-pazova/savez-amatera.html,Savez amatera - ĞĞ¿ÑˆÑ‚Ğ¸Ğ½Ğ° Ğ¡Ñ‚Ğ°Ñ€Ğ° ĞŸĞ°Ğ·Ğ¾Ğ²Ğ° - Ğ—Ğ²Ğ°Ğ½Ğ¸Ñ‡Ğ½Ğ° Ğ¿Ñ€ĞµĞ·ĞµĞ½Ñ‚Ğ°Ñ†Ğ¸Ñ˜Ğ°,94
https://evrnjackabanja.com/kulturno-umetnicko-drustvo-abrasevic/,Kulturno â€“ umetniÄko druÅ¡tvo â€AbraÅ¡eviÄ‡â€œ | UdruÅ¾enja i Organizacije | VrnjaÄka Banja,95
http://pancevo.mojkraj.rs/vesti/kultura/item/6526-lela-stojnov-abrasevic-svih-osam-decenija-neguje-visoke-standarde-u-radu,Lela Stojnov: AbraÅ¡eviÄ‡ svih osam decenija neguje visoke standarde u radu,96
http://www.zrenjanin.org.rs/sr-lat/vesti/2012/02/kud-sandor-petefi-uz-aktivnosti-i-resavanje-problema,KUD ''Å andor Petefi'' - uz aktivnosti i reÅ¡avanje problema | Zrenjanin,97
https://www.ico.rs/kud-stanisa-stosic-posetio-zamenik-pokrajinskog-sekretara-za-kulturu/,            KUD StaniÅ¡a StoÅ¡iÄ‡ posetio zamenik pokrajinskog sekretara za kulturu |Radio OdÅ¾aci        ,98
https://kudpolet.rs/kontakt/,Kontakt â€“ Kud Polet rekreativni folklor za odrasle poÄetnike Å¡kola veterani folklora omladinski ansambl Beograd,99
https://trgpreduzetnistva.com/kud-brile-beocin/,SBB - Suspendovan sajt,100
https://www.turizamodzaci.rs/manifestacije.html,Kulturne manifestacije u TuristiÄkoj Organizaciji OdÅ¾aci,101
http://kula.rs/2019/05/06/program-obelezavanja-hramovne-slave-u-kuli/?lang=lat,Program obeleÅ¾avanja Markovdana - OpÅ¡tina Kula,102
https://www.paragraf.rs/propisi/zakon_o_kulturi.html,Zakon o kulturi,103
http://www.msp.gov.rs/sr/index.php/konzularni-poslovi/dijaspora/klubovi-iz-dijaspore/101-dijaspora-klubovi/10656-madjarska-dis?lang=lat,MaÄ‘arska,104
http://kudvinca.weebly.com/,K.U.D VINCA - Pocetna,105
https://www.slovackizavod.org.rs/sr/narodna-kultura/kulturno-umetnicka-drustva/pregled/1443,Kulturno-umetniÄka druÅ¡tva | slovackizavod.org.rs,106
http://www.kudnikolatesla.rs/,"ĞšĞ£Ğ” ""ĞĞ¸ĞºĞ¾Ğ»Ğ° Ğ¢ĞµÑĞ»Ğ°"" Ğ“Ğ¡ĞŸ Ğ‘ĞµĞ¾Ğ³Ñ€Ğ°Ğ´",107
https://mediapartner.org.rs/vesti/kud-prelo-5-godisnji-koncert.html,"KUD ""PRELO""- 5. godiÅ¡nji koncert - Media Partner",108
https://blog.serbianfolklore.rs/folklorni-ansambl-vreteno-organizuje-upis-novih-clanova/,Folklorni ansambl Vreteno organizuje upis novih Älanova | SerbianFolklore,109
http://www.banjaluka-tourism.com/index.php/sr/muzika/itemlist/category/134-kulturno-umjetnicka-drustva,Kulturno umjetniÄka druÅ¡tva,110
https://abrasevicnis.wixsite.com/kudabrasevicnis/kontakt,ĞšĞ¾Ğ½Ñ‚Ğ°ĞºÑ‚ | kudabrasevicnis,111
http://www.infocentarjug.rs/kud-jablanicko-kolo-cuvari-tradicije-nosnje-obicaja-i-igara/,"KUD â€JablaniÄko koloâ€œ â€“ ÄŒuvari tradicije, noÅ¡nje, obiÄaja i igara â€“ Info Centar Juga",112
https://pronadjiusrbiji.rs/listing/kulturno-umetnicko-drustvo-dimitrije-koturovic/,,113,ERROR: The read operation timed out
http://www.lirafolklor.rs/,Lira Folklor | kulturno umetniÄko druÅ¡tvo,114
http://www.kudsumadija.com/,PoÄetna,115
https://radiomagnum.rs/kud-nikola-pasic-zajecar-vrsi-upis-novih-clanova/,"KUD ""Nikola PaÅ¡iÄ‡"" ZajeÄar VRÅ I UPIS NOVIH ÄŒLANOVA! | Radio Magnum 103 MHz",116
https://prokuplje.org.rs/pocetna/kultura/dom-kulture/?sr-pismo=lat,Dom kulture - Grad Prokuplje,117
https://www.epicentarpress.rs/vest/3353/PRIJAVITE-SE:-KUD-Abra%C5%A1evi%C4%87-%C4%8Ca%C4%8Dak-otvorio-vrata-za-nove-polaznike!/,"PRIJAVITE SE: KUD ""AbraÅ¡eviÄ‡"" ÄŒaÄak otvorio vrata za nove polaznike! | EpicentarPress",118
http://www.seecult.org/kontakt,Kontakt | SEEcult.org,119
https://www.youtube.com/watch?v=JBEKfv9sHI4,KUD Abrasevic Beograd - igre iz Srbije - YouTube,120
https://2020.limundo.com/kupovina/Kolekcionarstvo/Znacke/Politika/Kulturno-umetnicko-drustvo-EI-Beograd/86565135,,121,ERROR: 'NoneType' object has no attribute 'text'
http://mladost.00go.com/galerija.htm,KULTURNO UMETNICKO DRUSTVO,122
https://www.dksg.rs/lat/pretraga/LOUP-GAROU/850/,Pretraga DOM KULTURE â€STUDENTSKI GRADâ€,123
https://ilovezrenjanin.com/vesti-zrenjanin/kulturni-centar-svetozar-markovic/,KC Svetozar MarkoviÄ‡ obeleÅ¾ava 15 godina postojanja - folklor u pozoriÅ¡tu,124
http://www.rtv.rs/sr_lat/drustvo/vremeplov/prvi-direktan-kontakt-predstavnika-beograda-i-pristine_429024.html?utm_source=feedburner&utm_medium=feed&utm_campaign=Feed%3A+RtvSveVesti+%28RTV+poslednje+vesti%29,Prvi direktan kontakt predstavnika Beograda i PriÅ¡tine - JMU Radio-televizija Vojvodine,125
https://www.danas.rs/,Dnevne novine - Najnovije vesti - Dnevni list Danas,126
http://www.listzrenjanin.com/derdef-je-mlado-zrenjaninsko-kulturno-umetnicko-drustvo-koje-ima-brojne-planove-za-buducnost/,,127,ERROR: timed out
http://kulturanadar.dar.org.rs/knd6/knd6-film/kulturno-umetnicko-drustvo-soko-sokobanja/,Kulturno-umetniÄko druÅ¡tvo â€Sokoâ€œ (Sokobanja) â€“ Kultura na DAR,128
https://www.adriamediagroup.com/sr/kultura-kljuc-za-dostizanje-odrzivog-razvoja/,Kultura kljuÄ za dostizanje odrÅ¾ivog razvoja â€“ Adria Media Group,129
http://www.apc-cza.org/ar/kontakt2/8-vesti.html,Kontakt - Centar za zaÅ¡titu i pomoÄ‡ traÅ¾iocima azila / Asylum Protection Center,130
http://www.djokapavlovic.rs/kontakt/,"ĞšĞ£Ğ” ""Ğ‚Ğ¾ĞºĞ° ĞŸĞ°Ğ²Ğ»Ğ¾Ğ²Ğ¸Ñ›"" | ĞšĞ¾Ğ½Ñ‚Ğ°ĞºÑ‚",131
http://www.mfkg.rs/sr/component/content/article/130-studentske-vesti/653-konkurs-youth-heroes-traze-se-mladi-heroji-srbije?Itemid=619,Konkurs â€Youth Heroesâ€ - TraÅ¾e se mladi heroji Srbije,132
https://ssup.fr/francuska-vazna-vest-poceo-upis-u-srpske-skole-za-skolsku-2020-2021/,Francuska : VAÅ½NA VEST. PoÄeo upis u srpske Å¡kole za Å¡kolsku 2020/2021 |,133
https://gradskiportal018.rs/2020/05/31/jubilej-akademskog-pozorista-skc-a-60-godina-dobre-glume/,Jubilej Akademskog pozoriÅ¡ta SKC-a â€“ 60 godina dobre glume - Gradski Portal 018,134
http://www.e-oglasi.kako.how/tag/kontakt-telefon-0634.html,,135,ERROR: timed out
https://www.avlija.me/bosna-i-hercegovina/nova-elektronska-adresa-redakcije-casopisa-i-portala-avlija,Nova elektronska adresa redakcije Äasopisa i portala ''Avlija'',136
https://pink.rs/politika/211721/palma--buducnost-je-sa-proverenim-ljudima-sa-rezultatima-foto,pink.rs | PALMA : BuduÄ‡nost je sa proverenim ljudima sa rezultatima (FOTO),137
https://www.rts.rs/page/magazine/sr/kulturno/story/3158/intervju/3977491/galerija-matice-srpske.html,"RTS :: Tijana PalkovljeviÄ‡ Bugarski: Deca su najzahvalnija publika, ako deca doÄ‘u u Muzej, privukli ste celu porodicu ",138
https://informer.rs/vesti/politika/522619/palma-buducnost-proverenim-ljudima-rezultatima,PALMA: BuduÄ‡nost je sa proverenim ljudima sa rezultatima! - Informer,139
http://dunavtelevizija.rs/2020/06/06/mali-idjos-sredstva-iz-opstinskog-budzeta-ceka-sest-organizacija-za-kulturu/,Mali IÄ‘oÅ¡: Sredstva iz opÅ¡tinskog budÅ¾eta Äeka Å¡est organizacija za kulturu - Dunav Televizija Dunav Televizija,140
https://gminfo.rs/otvoren-15-medjunarodni-bijenale-umetnosti-minijature/,Otvoren 15. MeÄ‘unarodni bijenale umetnosti minijature â€“ GMinfo,141
http://dm.sindacoconchicambiarovigo.it/radenko-milak-biografija.html,Loading...,142
http://rs.n1info.com/Vesti/a605321/Koronavirus-u-Srbiji-i-svetu-1.-jun.html,Koronavirus u Srbiji i svetu 1. jun | N1 Srbija,143
https://infoliga.rs/2020/06/04/ispred-nusiceve-kuce-postavljena-spomen-tabla-foto/,Ispred NuÅ¡iÄ‡eve kuÄ‡e postavljena spomen tabla (FOTO) â€“ Info LIGA,144
http://www.webinfo.rs/novibecej/drustvo/12598-obelezeno-sto-godina-od-pobede-i-prisajedinjenja.html,,145,ERROR: timed out
https://www.021.rs/story/Info/Misljenja-i-intervjui/244667/Manola-Ganjatri-Sramno-je-i-licemerno-siromasnima-govoriti-da-se-distanciraju.html,Manola Ganjatri: Sramno je i licemerno siromaÅ¡nima govoriti da se distanciraju  | Novosadski informativni portal 021,146
http://www.nspm.rs/index.php?limitstart=5&alphabet=l,,147,ERROR: timed out
https://www.ozonpress.net/drustvo/utvrdjeni-datumi-letnjih-manifestacija/,UtvrÄ‘eni datumi letnjih manifestacija - Ozonpress :: internet portal,148
http://www.istocnevesti.com/,"IstoÄne VESTI - ZajeÄar, KnjaÅ¾evac, Bor, Kladovo...",149
https://srbobrandanas.rs/,Srbobran Danas - najkompletniji vodiÄ kroz opÅ¡tinu Srbobran,150
https://studiob.rs/otvorena-nova-sezona-na-skadarliji/,Otvorena nova sezona na Skadarliji - Studio B,151
https://www.banjaluka.com/aktuelno/bih/veselje-sirom-srpske-pravoslavna-nova-godina-docekana-uz-molitvu-pjesmu-i-vino-foto/,"Veselje Å¡irom Srpske: Pravoslavna Nova godina doÄekana uz molitvu, pjesmu i vino (Foto)",152
http://sremska.tv/category/vesti/ruma/page/439/,Ruma | Sremska Televizija | Stranica 439,153
https://www.srbijadanas.com/vesti/region/vandalizam-na-tvrdavi-u-hvaru-devastirano-zasticeno-kulturno-dobro-ustaskim-simboloma-foto-2020-06-06,VANDALIZAM NA TVRÄAVI U HVARU: Devastirano zaÅ¡tiÄ‡eno kulturno dobro USTAÅ KIM SIMBOLIMA (FOTO) | Najnovije vesti - Srbija danas,154
http://moravainfo.rs/naslednici/,Naslednici | Morava Info,155
https://www.kurir.rs/region/hrvatska/3476293/vandalizam-ustaski-simboli-na-tvrdjavi-u-hvaru-devastirano-zasticeno-kulturno-dobro-grad-podneo-krivicnu-prijavu-foto,"VANDALIZAM! USTAÅ KI SIMBOLI NA TVRÄAVI NA HVARU: Devastirano zaÅ¡tiÄ‡eno kulturno dobro, grad podneo kriviÄnu prijavu FOTO",156
https://balkantv.rs/kalendar-rodjen-puskin/,ĞšĞĞ›Ğ•ĞĞ”ĞĞ ,157
https://rtvpancevo.rs/2020/05/31/palma-buducnost-sa-proverenim-ljudima-sa-rezultatima/,Palma: BuduÄ‡nost sa proverenim ljudima sa rezultatima â€“ Radio televizija PanÄevo,158
https://patak.co.rs/sps-tesnjar-da-bude-filmski-grad/,SPS: â€œTeÅ¡njar da bude Filmski gradâ€ | Patak Online â€“ Valjevo vesti,159
https://www.juznevesti.com/Kultura/I-ovog-leta-Nisvil-Filmski-susreti-i-Rostiljijada-odlozene-Horske-Belmuzijada-pod-znakom-pitanja.sr.html,"I ovog leta NiÅ¡vil, Filmski susreti i RoÅ¡tiljijada, odloÅ¾ene Horske, BelmuÅ¾ijada pod znakom pitanja : Kultura : JuÅ¾ne vesti",160
http://em.biateclaser.it/pink-oglasi-nemacka.html,Loading...,161
https://www.nedeljnik.rs/palimpset-izlozba-fotografija-predraga-vukasinovica-u-galeriji-o3one/,Palimpsest: IzloÅ¾ba fotografija Predraga VukaÅ¡inoviÄ‡a u galeriji O3ONE | Nedeljnik,162
http://www.rtvsumadija.com/tag/narodni-muzej-arandjelovac/page/6/,narodni muzej arandjelovac â€“ Strana 6 â€“ Radio-Televizija Å umadija â€“ AranÄ‘elovac,163
https://www.espreso.rs/vesti/beograd/568571/velika-pobeda-beograda-vesic-progovorio-ovo-blago-smo-uspeli-da-sacuvamo,"VELIKA POBEDA BEOGRADA! VesiÄ‡ progovorio, OVO BLAGO SMO USPELI DA SAÄŒUVAMO",164
https://objektiv.rs/vest/192881/otvoreno-15-medjunarodno-bijenale-umetnosti-minijature/,Otvoreno 15. MeÄ‘unarodno bijenale umetnosti minijature - Objektiv,165
https://www.dw.com/sr/mozaik/t-17966801,Mozaik | Mozaik | DW | 06.06.2020,166
http://www.mojnovisad.com/tag/novosadjani/,novosaÄ‘ani | Moj Novi Sad - Moje mesto pod webom,167
https://www.pressserbia.com/,PRess Serbia - Mesto pravih informacija! - PRess Serbia | PR PRess team,168
http://ck.nellyshop.it/posao-u-sloveniji-ugostiteljstvo.html,Loading...,169
https://www.velikipark.com/vesti/od-posledica-atentata-preminuo-senator-bob-kenedi/,Od posledica atentata preminuo senator Bob Kenedi â€“ Veliki Park,170
https://euinfo.rs/najbolja-nega-za-najteze-obolele/, Â» Najbolja nega za najteÅ¾e obolele,171
http://www.sabac.tv/vesti/30631/startovao-novi-gradski-prevoz,Startovao novi gradski prevoz - RTV Å abac,172
http://www.sattelevizija.com/vesti/jedna_vest/postavljena_izlozba_grafickih_radova_u_galeriji_savremene_umetnosti_20530120451,,173,ERROR: timed out
http://www.skdprosvjeta.com/page.php?id=6,SKD PROSVJETA,174
http://www.transportmrsevic.rs/Kontakt.htm,Kontakt,175
https://nova.rs/kultura/kulturno-umetnicka-drustva-iz-sveta-ovo-je-srbija-video/,Kulturno-umetniÄka druÅ¡tva iz celog sveta: Ovo je Srbija,176
https://www.tvlav.rs/,Regionalna televizija TV Lav plus,177
http://www.mod.gov.rs/lat/,Ministarstvo odbrane Republike Srbije,178
http://www.ngportal.rs/,NG Portal | Novi informativni portal Negotinske krajine,179
https://kulturnaut.com/,Kulturnaut | Centar za kreativnu decu i mlade,180
