Url,Title,Query,Error,Timestamp
https://vadaszatikultura.hu/kapcsolat/,ScrapeTitleError,kulturalis egyesulet kapcsolat,Kapcsolat - Vadászati Kulturális Egyesület,ScrapeMailError,Kapcsolat - Vadászati Kulturális Egyesület,"""2020-07-14T14:49:12.450150"""
http://mazsike.hu/kapcsolat,Kapcsolat - Mazsike - MAGYAR ZSIDÓ KULTURÁLIS EGYESÜLET,kulturalis egyesulet kapcsolat,NONE,NONE,NONE,"""2020-07-14T14:49:17.986544"""
https://pannonkapu.hu/kapcsolat/,ScrapeTitleError,kulturalis egyesulet kapcsolat,<urlopen error timed out>,ScrapeMailError,<urlopen error timed out>,"""2020-07-14T14:49:43.210103"""
https://adjukossze.hu/obh/szervezet/sejorina-kulturalis-egyesulet-125564,"Adjukössze - az adományozás portálja, ahol egy kis segítség nagyra nőhet",kulturalis egyesulet kapcsolat,NONE,NONE,NONE,"""2020-07-14T14:49:44.616309"""
https://adjukossze.hu/szervezet/kartc-kozhasznu-kulturalis-egyesulet-7699,"Adjukössze - az adományozás portálja, ahol egy kis segítség nagyra nőhet",kulturalis egyesulet kapcsolat,NONE,NONE,NONE,"""2020-07-14T14:49:45.896878"""
http://www.mnt.org.rs/szervezetek-intezmenyek,Szervezetek/intézmények | Magyar Nemzeti Tanács Hivatalos Honlapja,kulturalis egyesulet kapcsolat,NONE,NONE,NONE,"""2020-07-14T14:49:47.135737"""
http://youthka.rs/Wemsical-serbia-ifjusagi-es-kulturalis-egyesulet/ifi-szervezet/5/,Wemsical Serbia Ifjúsági és Kulturális Egyesület - Youthka,kulturalis egyesulet kapcsolat,NONE,NONE,NONE,"""2020-07-14T14:49:48.886388"""
https://www.burattino.hu/egyesulet/,BURATTINO SZOCIÁLIS ÉS KULTURÁLIS EGYESÜLET :: Burattino,kulturalis egyesulet kapcsolat,NONE,NONE,NONE,"""2020-07-14T14:49:50.646660"""
http://monostorikultur.hu/kapcsolat/,Kapcsolat – Monostori Kulturális Egyesület,kulturalis egyesulet kapcsolat,NONE,NONE,NONE,"""2020-07-14T14:49:53.204291"""
http://magyaremlekezet.hu/kapcsolat/,Kapcsolat | Magyar Emlékezet Kulturális Egyesület,kulturalis egyesulet kapcsolat,NONE,NONE,NONE,"""2020-07-14T14:49:54.148977"""
https://sensumarts.hu/kapcsolat,Sensum Arts,kulturalis egyesulet kapcsolat,NONE,NONE,NONE,"""2020-07-14T14:49:55.076582"""
http://www.oka.hu/szervezetek/martin-gyoergy-kulturalis-egyesuelet,Martin György Kulturális Egyesület adatlapja,kulturalis egyesulet kapcsolat,NONE,NONE,NONE,"""2020-07-14T14:49:59.527786"""
https://holdvilag.hu/egyesulet/,Egyesület - Holdvilág Kamaraszínház,kulturalis egyesulet kapcsolat,NONE,NONE,NONE,"""2020-07-14T14:50:01.074380"""
http://erdlemke.hu/,ÉrdLeMKE,kulturalis egyesulet kapcsolat,NONE,NONE,NONE,"""2020-07-14T14:50:01.833958"""
http://danubius-darmstadt.de/hu/kapcsolat/,Kapcsolat - Danubius Magyar Nyelvi és Kulturális Egyesület Darmstadt,kulturalis egyesulet kapcsolat,NONE,NONE,NONE,"""2020-07-14T14:50:05.176572"""
https://bokorportal.hu/elerhetoseg.php,Bokorportl,kulturalis egyesulet kapcsolat,NONE,NONE,NONE,"""2020-07-14T14:50:06.348332"""
http://martonvasar.hu/martonvasari_kulturalis_egyesulet,Martonvásár,kulturalis egyesulet kapcsolat,NONE,NONE,NONE,"""2020-07-14T14:50:10.395093"""
https://quintessence-palinka.hu/hu/ongai-kulturalis-egyesulet/,Ongai Kulturális Egyesület | Quintessence,kulturalis egyesulet kapcsolat,NONE,NONE,NONE,"""2020-07-14T14:50:14.722194"""
https://obuda.hu/blog/intezmenyek/civil-kulturalis-egyesulet/,Civil Kulturális Egyesület | Obuda.hu,kulturalis egyesulet kapcsolat,NONE,NONE,NONE,"""2020-07-14T14:50:17.246170"""
http://www.legendarium.ro/kapcsolat,Kapcsolat,kulturalis egyesulet kapcsolat,NONE,NONE,NONE,"""2020-07-14T14:50:19.400307"""
https://www.arsomnis.org/,Ars Omnis Kulturális Egyesület,kulturalis egyesulet kapcsolat,NONE,NONE,NONE,"""2020-07-14T14:50:25.524907"""
http://www.nagyerdoertegyesulet.hu/kapcsolat,Kapcsolat,kulturalis egyesulet kapcsolat,NONE,NONE,NONE,"""2020-07-14T14:50:26.874264"""
http://www.temie.hu/index.php?modul=intezmenyek&kod=74,www.temie.hu,kulturalis egyesulet kapcsolat,NONE,NONE,NONE,"""2020-07-14T14:50:28.607446"""
http://www.remenysugar.oldalunk.hu/site.php?sd=remenysugar&page=l_1y5sFfrR,,kulturalis egyesulet kapcsolat,NONE,NONE,NONE,"""2020-07-14T14:50:29.078631"""
https://bekesihuszarhonved.eletcel.hu/kapcsolat/,Kapcsolat | Békés Megyei Károlyi-huszár és Honvéd Hagyományőrző és Kulturális Egyesület,kulturalis egyesulet kapcsolat,NONE,NONE,NONE,"""2020-07-14T14:50:31.072358"""
http://www.mahokasz.hu/index.php/hu/kapcsolat,Kapcsolat,kulturalis egyesulet kapcsolat,NONE,NONE,NONE,"""2020-07-14T14:50:33.351907"""
http://www.sopronkovesd.hu/Civil_szervezeteink/Egyesuletek/Kovirozsa_kulturalis_Egyesulet.html,Sopronkövesd - A zöldszívű falu,kulturalis egyesulet kapcsolat,NONE,NONE,NONE,"""2020-07-14T14:50:35.174158"""
http://www.bke-miskolcpereces.hu/kapcsolat,ScrapeTitleError,kulturalis egyesulet kapcsolat,<urlopen error timed out>,ScrapeMailError,<urlopen error timed out>,"""2020-07-14T14:51:00.335471"""
https://www.hunniakuvasz.hu/contact,Kapcsolat | Hunnia Kuvasz Tenyésztői és Kulturális Egyesület,kulturalis egyesulet kapcsolat,NONE,NONE,NONE,"""2020-07-14T14:51:04.671241"""
http://zeta-adacs.hu/kapcsolat/,Kapcsolat | Zéta Kulturális Egyesület Adács,kulturalis egyesulet kapcsolat,NONE,NONE,NONE,"""2020-07-14T14:51:09.173856"""
https://wukk.de/,Csodaszarvas Magyar Kulturális Egyesület Karlsruhe,kulturalis egyesulet kapcsolat,NONE,NONE,NONE,"""2020-07-14T14:51:14.199873"""
https://www.lajoskomarom.hu/lajoskomarom.php?fid=7&idus=28&tit=Kutas%20Kultur%E1lis%20%20Egyes%FClet&lang=hu,Kutas Kulturlis Egyeslet,kulturalis egyesulet kapcsolat,NONE,NONE,NONE,"""2020-07-14T14:51:15.150069"""
http://muravidek.eu/kapcsolat/,Kapcsolat | Muravidék Baráti Kör Kulturális Egyesület,kulturalis egyesulet kapcsolat,NONE,NONE,NONE,"""2020-07-14T14:51:18.181804"""
https://www.hunshooting.hu/zte-sportlovesz-klub-es-kulturalis-egyesulet,ScrapeTitleError,kulturalis egyesulet kapcsolat,<urlopen error [SSL: CERTIFICATE_VERIFY_FAILED] certificate verify failed: unable to get local issuer certificate (_ssl.c:1108)>,ScrapeMailError,<urlopen error [SSL: CERTIFICATE_VERIFY_FAILED] certificate verify failed: unable to get local issuer certificate (_ssl.c:1108)>,"""2020-07-14T14:51:18.798057"""
http://torony.hu/civil-szervezetek/toronyor-kulturalis-egyesulet/,Toronyőr Kulturális Egyesület - Torony Község Weboldala,kulturalis egyesulet kapcsolat,NONE,NONE,NONE,"""2020-07-14T14:51:22.143515"""
https://artgroupe.hu/,ArtGroup Közhasznú Kulturális Egyesület – ArtGroup Közhasznú Kulturális Egyesület,kulturalis egyesulet kapcsolat,NONE,NONE,NONE,"""2020-07-14T14:51:23.634444"""
http://kike.hu/,kike.hu,kulturalis egyesulet kapcsolat,NONE,NONE,NONE,"""2020-07-14T14:51:29.597522"""
https://www.ceginformacio.hu/cr9310184152,"Kapcsolat 2007 Kulturális Egyesület rövid céginformáció, cégkivonat, cégmásolat letöltése",kulturalis egyesulet kapcsolat,NONE,NONE,NONE,"""2020-07-14T14:51:33.495816"""
https://kaptarko.hu/,Főoldal - Kaptárkő Egyesület,kulturalis egyesulet kapcsolat,NONE,NONE,NONE,"""2020-07-14T14:51:42.223388"""
https://kaptarko.hu/contact/,Kapcsolat - Kaptárkő Egyesület,kulturalis egyesulet kapcsolat,NONE,NONE,NONE,"""2020-07-14T14:51:48.507152"""
http://www.kalocsa.hu/civil-szervezeteink/kulturalis-egyesuletek/,Kulturális egyesületek - Kalocsa,kulturalis egyesulet kapcsolat,NONE,NONE,NONE,"""2020-07-14T14:51:52.742129"""
http://szentgotthard.hu/hu/intezmenyek/pannon-kapu-kulturalis-egyesulet-3.html,ScrapeTitleError,kulturalis egyesulet kapcsolat,<urlopen error timed out>,ScrapeMailError,<urlopen error timed out>,"""2020-07-14T14:52:17.918270"""
https://www.gyere.info/kapcsolat/,Kapcsolat - hétvégi magyar iskola és óvoda Regensburgban - Gyere! Magyar Kulturális Egyesület,kulturalis egyesulet kapcsolat,NONE,NONE,NONE,"""2020-07-14T14:52:21.325804"""
https://www.ararat.hu/,"Kezdőoldal - Örmény Kulturális Központ, Örmény Apostoli Vallási Közösség, Arménia Népe Kulturális Egyesület",kulturalis egyesulet kapcsolat,NONE,NONE,NONE,"""2020-07-14T14:52:22.957707"""
http://nagybajom.hu/hu/civil-elet/ifjusag/alternativ-ifjusagi-es-kulturalis-egyesulet/,Nagybajom | “Alternaiv” Ifjúsági és Kulturális Egyesület,kulturalis egyesulet kapcsolat,NONE,NONE,NONE,"""2020-07-14T14:52:27.499911"""
http://www.mikepercs.hu/tekeres-hagyomanyorzo-es-kulturalis-egyesulet,Mikepércs Önkormányzat | Tekeres Hagyományőrző és Kulturális Egyesület,kulturalis egyesulet kapcsolat,NONE,NONE,NONE,"""2020-07-14T14:52:29.590905"""
https://www.ozd.hu/content.php?cid=cont_4d80840247f9c8.07452310,"ZD Vros honlapja - Kulturlis, hagyomnyrz szervezetek",kulturalis egyesulet kapcsolat,NONE,NONE,NONE,"""2020-07-14T14:52:30.386451"""
http://www.heritagemanager.hu/?page_id=35,Rólunk | Kulturális Örökség Menedzserek Egyesülete,kulturalis egyesulet kapcsolat,NONE,NONE,NONE,"""2020-07-14T14:52:33.917146"""
https://majs.hu/kozosseg/civil-szervezetek/majsi-magyar-nemet-kulturalis-egyesulet/,Majsi Magyar-Német Kulturális Egyesület - Majs Község,kulturalis egyesulet kapcsolat,NONE,NONE,NONE,"""2020-07-14T14:52:35.178488"""
http://mtsz.org/szervezet/kaptarko_termeszetvedelmi_es_kulturalis_egyesulet,mtsz.org - Kaptárkő Természetvédelmi és Kulturális Egyesület,kulturalis egyesulet kapcsolat,NONE,NONE,NONE,"""2020-07-14T14:52:36.836390"""
https://migoto.hu/,Migoto Kulturális Egyesület,kulturalis egyesulet kapcsolat,NONE,NONE,NONE,"""2020-07-14T14:52:37.914559"""
https://hcaphoenix.org/page/12/,Hungarian Cultural Association of Phoenix – Page 12 – Phoenix-i Magyar Kulturális Egyesület,kulturalis egyesulet kapcsolat,NONE,NONE,NONE,"""2020-07-14T14:52:40.553999"""
http://jaromkultegyesulet.hu/index.php/hu/,Kezdőlap,kulturalis egyesulet kapcsolat,NONE,NONE,NONE,"""2020-07-14T14:52:43.194207"""
http://www.cserdulo.hu/kapcsolat/,Kapcsolat – Cserdülő Kulturális Egyesület,kulturalis egyesulet kapcsolat,NONE,NONE,NONE,"""2020-07-14T14:52:44.416924"""
http://fesztivalszovetseg.hu/dns-dumaszinhaz-kulturalis-egyesuletveszpremi-unnepi-j%E2%80%8Batekok-kozhasznu-nonprofit-kft-5/,ScrapeTitleError,kulturalis egyesulet kapcsolat,<urlopen error timed out>,ScrapeMailError,<urlopen error timed out>,"""2020-07-14T14:53:09.591784"""
https://www.juanmoricz.hu/index.php/kapcsolat,Kapcsolat,kulturalis egyesulet kapcsolat,NONE,NONE,NONE,"""2020-07-14T14:53:13.424794"""
https://aranybot.hu/jeloles/bodor-tibor-kulturalis-egyesulet/,Bodor Tibor Kulturális egyesület – Arany Bot díj,kulturalis egyesulet kapcsolat,NONE,NONE,NONE,"""2020-07-14T14:53:19.832825"""
https://szihalmifuvosok.hu/kapcsolat/,Kapcsolat | Szihalmi Fúvós és Majorett Kulturális Egyesület,kulturalis egyesulet kapcsolat,NONE,NONE,NONE,"""2020-07-14T14:53:23.568176"""
https://kisebbsegkutato.tk.mta.hu/adatbazis/migr,TK | Kisebbségkutató Intézet,kulturalis egyesulet kapcsolat,NONE,NONE,NONE,"""2020-07-14T14:53:29.209421"""
http://bke.uw.hu/index.php?ldr=5,Bányász Kultúrális Egyesület - Ajka,kulturalis egyesulet kapcsolat,NONE,NONE,NONE,"""2020-07-14T14:53:29.657949"""
https://www.civilek.hu/civil-szervezetek/otagu-sip-kulturalis-egyesulet/,“Ötágú Síp” Kulturális Egyesület : Civilek,kulturalis egyesulet kapcsolat,NONE,NONE,NONE,"""2020-07-14T14:53:31.308965"""
https://www.magyarkollegium.hu/kapcsolat/index.html,Magyar Kollgium,kulturalis egyesulet kapcsolat,NONE,NONE,NONE,"""2020-07-14T14:53:31.935095"""
http://shop.nemzetihang.com/contact,Elérhetőség,kulturalis egyesulet kapcsolat,NONE,NONE,NONE,"""2020-07-14T14:53:33.096933"""
https://pecsiszinhaz.hu/,ScrapeTitleError,kulturalis egyesulet kapcsolat,<urlopen error timed out>,ScrapeMailError,<urlopen error timed out>,"""2020-07-14T14:53:58.267793"""
https://hu.wikipedia.org/wiki/%E2%80%9EValkai%E2%80%9D_Kultur%C3%A1lis_Egyes%C3%BClet,„Valkai” Kulturális Egyesület – Wikipédia,kulturalis egyesulet kapcsolat,NONE,NONE,NONE,"""2020-07-14T14:53:59.634480"""
http://www.karpatikum.hu/doc/Karpat_medence.pdf,ScrapeTitleError,kulturalis egyesulet kapcsolat,'NoneType' object has no attribute 'text',ScrapeMailError,'NoneType' object has no attribute 'text',"""2020-07-14T14:54:02.989254"""
http://www.civilszovetseg.hu/index.php?option=com_content&view=article&id=24:qcsabaq-honvkulturs-egyes&catid=18:tagszervezetek&Itemid=43,"""Csaba"" Honvéd Kulturális Egyesület",kulturalis egyesulet kapcsolat,NONE,NONE,NONE,"""2020-07-14T14:54:04.558331"""
http://nagyhalasz.hu/oldal/38/kultura-nova-kulturalis-egyesulet,Kultúra Nova Kulturális Egyesület,kulturalis egyesulet kapcsolat,NONE,NONE,NONE,"""2020-07-14T14:54:07.385929"""
http://www.gajdoszenekar.hu/hu/kapcsolat.html,Gajdos Népzenei Együttes | Kapcsolat,kulturalis egyesulet kapcsolat,NONE,NONE,NONE,"""2020-07-14T14:54:07.780503"""
https://varsanyifaluszepito.hu/dungo-kulturalis-egyesulet-okland-homorodkaracsonyfalva/,"Dungó Kulturális Egyesület Oklánd, Homoródkarácsonyfalva – Varsányi Faluszépítő, Hagyományőrző és Kulturális Egyesület",kulturalis egyesulet kapcsolat,NONE,NONE,NONE,"""2020-07-14T14:54:09.112269"""
https://www.bp18.hu/szervezetek/civil-szervezetek/item/532-kulvarosi-zsido-vallasi-es-kulturalis-egyesulet,Külvárosi Zsidó Vallási és Kulturális Egyesület,kulturalis egyesulet kapcsolat,NONE,NONE,NONE,"""2020-07-14T14:54:11.840774"""
https://honvedlap.tapolcanet.hu/kapcsolatok.html,Tapolcai Honvéd Kulturális Egyesület - Kapcsolatok,kulturalis egyesulet kapcsolat,NONE,NONE,NONE,"""2020-07-14T14:54:12.877931"""
https://akibic.hu/user/klezmeresz/,KLEZMERÉSZ Kulturális Egyesület | Kibic Magazin,kulturalis egyesulet kapcsolat,NONE,NONE,NONE,"""2020-07-14T14:54:16.846634"""
https://www.ungarischerkulturverein.org/,Magyar Kulturális Egyesület Trier | UKT - MKET,kulturalis egyesulet kapcsolat,NONE,NONE,NONE,"""2020-07-14T14:54:20.104707"""
http://www.pakozd.hu/news/25/472/pakozdi-kulturalis-egyesulet,Pákozdi Kulturális Egyesület - Pákozd nagyközség hivatalos honlapja,kulturalis egyesulet kapcsolat,NONE,NONE,NONE,"""2020-07-14T14:54:21.431107"""
https://dunaujvaros.hu/civil_szervezetek,Civil szervezetek | Dunaújváros MJV,kulturalis egyesulet kapcsolat,NONE,NONE,NONE,"""2020-07-14T14:54:23.689304"""
https://www.mannaegyesulet.hu/,Manna Egyesület – Kulturális Egyesület a független színházi alkotók képviseletéért,kulturalis egyesulet kapcsolat,NONE,NONE,NONE,"""2020-07-14T14:54:32.978431"""
https://www.szakesuli.hu/elerhetosegek/,Szakmai Kzpiskolsokrt Kzhaszn Kulturlis Egyeslet,kulturalis egyesulet kapcsolat,NONE,NONE,NONE,"""2020-07-14T14:54:33.803333"""
https://martinkult.hu/,Főoldal @ MartinKult Event Group,kulturalis egyesulet kapcsolat,NONE,NONE,NONE,"""2020-07-14T14:54:35.269307"""
http://www.recic.hu/bacs/szervezet-%C3%A9s-projekt/f%C5%91nix-kult%C3%BAr%C3%A1lis-%C3%A9s-ifjus%C3%A1gi-egyes%C3%BClet/,Főnix Kultúrális és Ifjusági Egyesület,kulturalis egyesulet kapcsolat,NONE,NONE,NONE,"""2020-07-14T14:54:36.672075"""
http://www.pecs.hu/tartalmak/pecs_Civil%20szervezetek%20list%C3%A1ja,"Civil szervezetek listája - Pécs, a kultúra városa",kulturalis egyesulet kapcsolat,NONE,NONE,NONE,"""2020-07-14T14:54:37.354967"""
https://www.miskolc.hu/elet-a-varosban/varosinformacio/kozossegi-elet/civil-szervezetek,Civil szervezetek | Miskolc Megyei Jogú Város,kulturalis egyesulet kapcsolat,NONE,NONE,NONE,"""2020-07-14T14:54:39.736537"""
https://www.mannaprodukcio.hu/,Manna Produkció,kulturalis egyesulet kapcsolat,NONE,NONE,NONE,"""2020-07-14T14:54:45.638088"""
https://kozigazgatas.ujbuda.hu/civil-szervezetek-0,Civil szervezetek | Közigazgatás,kulturalis egyesulet kapcsolat,NONE,NONE,NONE,"""2020-07-14T14:54:51.570656"""
https://atletika.hu/hu/tagszervezetek/hunyadi-diak-sport-kulturalis-egyesulet,Hunyadi Diák Sport Kulturális Egyesület | Atletika.hu,kulturalis egyesulet kapcsolat,NONE,NONE,NONE,"""2020-07-14T14:54:53.790970"""
https://www.hajduszoboszlo.eu/Hszob/CPage.aspx?key=87,Kulturális egyesületek,kulturalis egyesulet kapcsolat,NONE,NONE,NONE,"""2020-07-14T14:54:57.541941"""
https://www.kerepes.hu/civil-szervezetek-0,Civil szervezetek | Kerepes,kulturalis egyesulet kapcsolat,NONE,NONE,NONE,"""2020-07-14T14:54:59.857661"""
http://www.kulturaliskalauz.rs/,Vajdasági Magyar Kulturális Kalauz |,kulturalis egyesulet kapcsolat,NONE,NONE,NONE,"""2020-07-14T14:55:02.177051"""
http://www.hajdufolk.hu/category/hetmerfoldes-kulturalis-egyesulet/,Hétmérföldes Kulturális Egyesület | | Debreceni Hajdú Táncegyüttes,kulturalis egyesulet kapcsolat,NONE,NONE,NONE,"""2020-07-14T14:55:04.856725"""
http://www.banyaszbeke.hu/index.php?option=com_content&view=article&id=203:elerhetoseg2018&catid=6:elerhetoseg&Itemid=35,Az egyesület elérhetőségei,kulturalis egyesulet kapcsolat,NONE,NONE,NONE,"""2020-07-14T14:55:06.402859"""
https://szepetnek.hu/kiralyi-pal-kulturalis-egyesulet/,Királyi Pál Kulturális Egyesület – Szepetnek,kulturalis egyesulet kapcsolat,NONE,NONE,NONE,"""2020-07-14T14:55:09.502730"""
http://www.szentpeterfa.hu/gradi-e-horvat-kulturalis-egyesulet.html,Gradišće Horvát Kulturális Egyesület,kulturalis egyesulet kapcsolat,NONE,NONE,NONE,"""2020-07-14T14:55:11.479130"""
https://jaszkaszino.eoldal.hu/cikkek/honved-jasz-kaszino-kulturalis-egyesulet-tortenete.html,Jászkaszinó - Honvéd Jász Kaszinó Kulturális Egyesület története,kulturalis egyesulet kapcsolat,NONE,NONE,NONE,"""2020-07-14T14:55:13.046711"""
https://bevasarloutca.hu/raday-utca,Ráday utca,kulturalis egyesulet kapcsolat,NONE,NONE,NONE,"""2020-07-14T14:55:16.375694"""
https://nmi.hu/intezmeny/pannon-kapu-kulturalis-egyesulet/,Pannon Kapu Kulturális Egyesület | Nemzeti Művelődési Intézet,kulturalis egyesulet kapcsolat,NONE,NONE,NONE,"""2020-07-14T14:55:19.760648"""
http://www.okeonga.hu/,Ongai Kulturális Egyesület,kulturalis egyesulet kapcsolat,NONE,NONE,NONE,"""2020-07-14T14:55:23.740085"""
http://hromada.hu/index_hu.html,HROMADA - Magyarországi Ukrán Kulturális Egyesület lapja,kulturalis egyesulet kapcsolat,NONE,NONE,NONE,"""2020-07-14T14:55:24.265357"""
http://eszterlanc.bartok.ro/magunkrol/eszterlanc-kulturalis-egyesulet/,Eszterlánc Kulturális Egyesület - Eszterlánc,kulturalis egyesulet kapcsolat,NONE,NONE,NONE,"""2020-07-14T14:55:25.803253"""
https://www.bibliotekasirmai.rs/hu/magyar-muravidek-barati-kor-kulturalis-egyesulet-irodalmi-est/,ScrapeTitleError,kulturalis egyesulet kapcsolat,Muravidék Baráti Kör Kulturális Egyesület – irodalmi est – Javna biblioteka „Sirmai Karolj“,ScrapeMailError,Muravidék Baráti Kör Kulturális Egyesület – irodalmi est – Javna biblioteka „Sirmai Karolj“,"""2020-07-14T14:55:34.489921"""
http://www.vandorut.hu/,Címlap | Vándorút portál - Viator Egyesület,kulturalis egyesulet kapcsolat,NONE,NONE,NONE,"""2020-07-14T14:55:35.506504"""
http://www.borcs.hu/index.php/civil-szervezetek/borcsi-faluszepito-es-kulturalis-egyesulet,Börcsi Faluszépítő és Kulturális Egyesület,kulturalis egyesulet kapcsolat,NONE,NONE,NONE,"""2020-07-14T14:55:38.532824"""
http://etno.blog.hu/2008/07/15/magyarorszagi_cigany_szervezetek,Magyarországi cigány szervezetek - etnoblog,kulturalis egyesulet kapcsolat,NONE,NONE,NONE,"""2020-07-14T14:55:42.509175"""
http://www.hellerodonmh.hu/napsugaras-egyes%C3%BClet,Napsugaras Egyesület | Heller Ödön Művelődési Ház Szeged-Tápé,kulturalis egyesulet kapcsolat,NONE,NONE,NONE,"""2020-07-14T14:55:46.915794"""
https://jnszte.wordpress.com/turkevei-kulturalis-egyesulet/,Túrkevei Kulturális Egyesület | JNSZ Megyei Tudományos Egyesület,kulturalis egyesulet kapcsolat,NONE,NONE,NONE,"""2020-07-14T14:55:49.196126"""
https://www.programturizmus.hu/partner-pannon-kapu-kulturalis-egyesulet-szentgotthard.html,Pannon Kapu Kulturális Egyesület - Programturizmus,kulturalis egyesulet kapcsolat,NONE,NONE,NONE,"""2020-07-14T14:56:03.872563"""
http://helloszicilia.hu/pages/contact/kapcsolat/,Kapcsolat – Hello Szicília Olasz-Magyar Kulturális és Turisztikai Egyesület,kulturalis egyesulet kapcsolat,NONE,NONE,NONE,"""2020-07-14T14:56:06.746556"""
http://mdkulturalisegyesulet.hu/,Kezdőlap,kulturalis egyesulet kapcsolat,NONE,NONE,NONE,"""2020-07-14T14:56:11.745620"""
http://www.ujakropolisz.hu/,Új Akropolisz | Filozófia - Kultúra - Önkéntesség,kulturalis egyesulet kapcsolat,NONE,NONE,NONE,"""2020-07-14T14:56:13.083752"""
https://www.goethe.de/ins/hu/hu/ueb/koo/kgs.html,kulturális egyesületek - Goethe-Institut Ungarn,kulturalis egyesulet kapcsolat,NONE,NONE,NONE,"""2020-07-14T14:56:14.278297"""
https://www.rozsaly.hu/hajnalpelika.php,Rozsály,kulturalis egyesulet kapcsolat,NONE,NONE,NONE,"""2020-07-14T14:56:15.458225"""
https://marieclaire.hu/riporter/2020/03/03/hetkoznapi-hosok-puskas-kata-szidonia-a-bodor-tibor-kulturalis-egyesulet-alapitotagja-es-onkentes-elnoke/,"Hétköznapi hősök: Puskás Kata Szidónia, a Bodor Tibor Kulturális Egyesület alapítótagja és önkéntes elnöke | Marie Claire",kulturalis egyesulet kapcsolat,NONE,NONE,NONE,"""2020-07-14T14:56:17.845154"""
https://eletkepes.hu/amazon-egyesulet/,Amazon Kulturális Egyesület – Életképes,kulturalis egyesulet kapcsolat,NONE,NONE,NONE,"""2020-07-14T14:56:22.852273"""
http://www.adony.hu/civil-kapcsolatok/,Civil kapcsolatok – Adony Város Önkormányzata,kulturalis egyesulet kapcsolat,NONE,NONE,NONE,"""2020-07-14T14:56:28.052857"""
http://palhaza.hu/hutak-viragai-a-zemplenert-kulturalis-es-kozeleti-kozhasznu-egyesulet/,Huták Virágai a Zemplénért Kulturális és Közéleti Közhasznú Egyesület – Palhaza.hu,kulturalis egyesulet kapcsolat,NONE,NONE,NONE,"""2020-07-14T14:56:38.470751"""
http://mimk.hu/parlando-szinhaz-kulturalis-egyesulet/,"PARLANDO SZÍNHÁZ KULTURÁLIS EGYESÜLET - Madách Imre Művelődési Központ, Vác",kulturalis egyesulet kapcsolat,NONE,NONE,NONE,"""2020-07-14T14:56:40.501260"""
http://www.eurodesk.hu/partners/show/18/rugybazis_kulturalis_egyesulet,Eurodesk - Rügybázis Kulturális Egyesület,kulturalis egyesulet kapcsolat,NONE,NONE,NONE,"""2020-07-14T14:56:41.573319"""
http://bohonyeonkormanyzat.hu/bohonye/index.php/hu/2013-06-11-20-05-23/civil-szervezetek.html,Civil szervezetek,kulturalis egyesulet kapcsolat,NONE,NONE,NONE,"""2020-07-14T14:56:46.508688"""
http://nemzetisegek.bmknet.hu/p3/index.php/cigany/szervezetek/117-cigany-kisebbseguggyel-foglalkozo-szervezetek,Cigány kisebbségüggyel foglalkozó szervezetek,kulturalis egyesulet kapcsolat,NONE,NONE,NONE,"""2020-07-14T14:56:49.406716"""
http://www.gyal.hu/varosunk/sport/civil-szervezetek/,Civil szervezetek | Gyal.hu,kulturalis egyesulet kapcsolat,NONE,NONE,NONE,"""2020-07-14T14:56:54.480274"""
https://europaradio.hu/tallozo/12-ezer-szavazatot-kapott-nyiregyhazi-egyutt-csaladert-kulturalis-egyesulet-az-valaszt-mi,"12 ezer szavazatot kapott a nyíregyházi Együtt a Családért Kulturális Egyesület az ""Ön választ, mi segítünk!"" pályázaton | Európa Rádió",kulturalis egyesulet kapcsolat,NONE,NONE,NONE,"""2020-07-14T14:56:56.733339"""
http://lorev.hu/letoltes/alapszabaly_nhke.pdf,ScrapeTitleError,kulturalis egyesulet kapcsolat,<urlopen error timed out>,ScrapeMailError,<urlopen error timed out>,"""2020-07-14T14:57:21.892369"""
https://pulzusfm.ino.hu/tallozo/12-ezer-szavazatot-kapott-nyiregyhazi-egyutt-csaladert-kulturalis-egyesulet-az-valaszt-mi,ScrapeTitleError,kulturalis egyesulet kapcsolat,"<urlopen error [SSL: CERTIFICATE_VERIFY_FAILED] certificate verify failed: Hostname mismatch, certificate is not valid for 'pulzusfm.ino.hu'. (_ssl.c:1108)>",ScrapeMailError,"<urlopen error [SSL: CERTIFICATE_VERIFY_FAILED] certificate verify failed: Hostname mismatch, certificate is not valid for 'pulzusfm.ino.hu'. (_ssl.c:1108)>","""2020-07-14T14:57:22.787400"""
https://adjukossze.test.reon.digital/kampany/minta-allat-es-ember-allat-es-termeszetvedo-szabadido-es-kulturalis-egyesulet-mintakampany-840,"Adjukössze - MINTA - „Állat és Ember” Állat- és Természetvédő, Szabadidő és Kulturális Egyesület - mintakampány",kulturalis egyesulet kapcsolat,NONE,NONE,NONE,"""2020-07-14T14:57:24.378246"""
http://feketterem.hu/programok/,Kulturális Programok Archívum - FEK Étterem és Söröző,kulturalis egyesulet kapcsolat,NONE,NONE,NONE,"""2020-07-14T14:57:27.351612"""
https://magyarnarancs.hu/belpol/a_ver_es_becsulet_kulturalis_egyesulet_tervezett_akcioja_a_velelem_resze-61437,Magyar Narancs - Belpol - A Vér és Becsület Kulturális Egyesület tervezett akciója: A vélelem része,kulturalis egyesulet kapcsolat,NONE,NONE,NONE,"""2020-07-14T14:57:28.950939"""
http://www.nka.hu/archivum/tamogatasok/tamogatott_palyazatok/szinhazmuveszet/szinhazmuveszet_180503,Tájékoztató a Színházművészet Kollégiuma döntéséről,kulturalis egyesulet kapcsolat,NONE,NONE,NONE,"""2020-07-14T14:57:32.129867"""
https://www.korosiprogram.hu/partnereink/olasz-magyar-kulturalis-egyesulet,Olasz-Magyar Kulturális Egyesület | Kőrösi Csoma Sándor program,kulturalis egyesulet kapcsolat,NONE,NONE,NONE,"""2020-07-14T14:57:33.531770"""
https://momoart.hu/,Momo Művészeti és Kulturális Egyesület,kulturalis egyesulet kapcsolat,NONE,NONE,NONE,"""2020-07-14T14:57:37.058761"""
https://www.vmuvhaz.hu/debreceni-vasutas-muveszeti-es-kulturalis-egyesulet-egyesuletunk-a-miniszterelnokseg-a-nea-tamogatasaval-mukodik/,Debreceni Vasutas Művészeti és Kulturális Egyesület :: Vasutas művelődési ház Debrecen,kulturalis egyesulet kapcsolat,NONE,NONE,NONE,"""2020-07-14T14:57:39.533729"""
https://www.janossomorja.hu/wp-content/uploads/2019/03/%C3%96r%C3%B6ks%C3%A9g-Kultur%C3%A1lis-Egyes%C3%BClet.pdf,ScrapeTitleError,kulturalis egyesulet kapcsolat,'NoneType' object has no attribute 'text',ScrapeMailError,'NoneType' object has no attribute 'text',"""2020-07-14T14:57:42.457074"""
http://kmke.hu/,KMKE | Kárpátok Művészeti és Kulturális Egyesület,kulturalis egyesulet kapcsolat,NONE,NONE,NONE,"""2020-07-14T14:57:46.059888"""
http://lenau.hu/,Lenau Egyesület | A magyarországi németek szellemi és kulturális központja,kulturalis egyesulet kapcsolat,NONE,NONE,NONE,"""2020-07-14T14:57:49.378724"""
https://www.hidegkut.hu/?module=news&fname=egyesulet,Hidegkt,kulturalis egyesulet kapcsolat,NONE,NONE,NONE,"""2020-07-14T14:57:51.424162"""
http://www.mestersegekunnepe.hu/hereditas-kulturalis-egyesulet/,Hereditas Kulturális Egyesület | Mesterségek Ünnepe,kulturalis egyesulet kapcsolat,NONE,NONE,NONE,"""2020-07-14T14:57:56.734604"""
http://tajesember.hu/,Táj és Ember » Népfőiskolai Kulturális és Természetvédő Közhasznú Egyesület,kulturalis egyesulet kapcsolat,NONE,NONE,NONE,"""2020-07-14T14:57:58.400602"""
http://www.czinkapanna.hu/page/elerhetosegek,Czinka Panna Roma Kulturális Egyesület,kulturalis egyesulet kapcsolat,NONE,NONE,NONE,"""2020-07-14T14:57:59.155648"""
https://planetrise.org/,"""Nekünk kell a változássá lenni, amit a világban látni akarunk."" | Földkelte",kulturalis egyesulet kapcsolat,NONE,NONE,NONE,"""2020-07-14T14:58:02.416853"""
http://www.kockakor.hu/,,kulturalis egyesulet kapcsolat,NONE,NONE,NONE,"""2020-07-14T14:58:03.075034"""
https://mazsihisz.hu/kozossegeink/magyar-zsido-adatbazis/magyar-zsido-civil-elet,Magyar zsidó civil élet | Mazsihisz,kulturalis egyesulet kapcsolat,NONE,NONE,NONE,"""2020-07-14T14:58:04.558383"""
https://korostourist.hu/rolunk/,Egyesületünkről | Körös Tourist,kulturalis egyesulet kapcsolat,NONE,NONE,NONE,"""2020-07-14T14:58:07.299655"""
https://halo.hu/index.php?option=com_content&view=article&id=44:halo-kapcsolatok&Itemid=57,Háló Katolikus Egyesület,kulturalis egyesulet kapcsolat,NONE,NONE,NONE,"""2020-07-14T14:58:10.759226"""
http://intezmenytar.erdelystat.ro/intezmenyek/romaniai-magyar-civil-szervezetek/kemeny-auguszta-kulturalis-egyeslet/21638,Kemény Auguszta Kulturális Egyesület - Marosvécs,kulturalis egyesulet kapcsolat,NONE,NONE,NONE,"""2020-07-14T14:58:11.789056"""
http://kungos.hu/arpad-hazi-szent-kinga-kulturalis-egyesulet/,Árpád-házi Szent Kinga Kulturális Egyesület | Köszöntjük Küngösön!,kulturalis egyesulet kapcsolat,NONE,NONE,NONE,"""2020-07-14T14:58:14.837689"""
https://www.rabapatona.hu/onkormanyzat/civil-szervezetek/rabamenti-kulturalis-egyesulet,Rábapatona - Rábamenti Kulturális Egyesület,kulturalis egyesulet kapcsolat,NONE,NONE,NONE,"""2020-07-14T14:58:17.081978"""
http://fuego.hu/,"Fuego Kulturális, Művészeti, Tánc- és Sport Egyesület – FUEGO DANCE COMPANY BUAPEST ®",kulturalis egyesulet kapcsolat,NONE,NONE,NONE,"""2020-07-14T14:58:25.808752"""
https://ludas.hu/?page_id=431,Ludasért Fejlesztő – és Kulturális Egyesület – Ludas,kulturalis egyesulet kapcsolat,NONE,NONE,NONE,"""2020-07-14T14:58:29.853012"""
http://www.banat.hu/,Bemutatkozás,kulturalis egyesulet kapcsolat,NONE,NONE,NONE,"""2020-07-14T14:58:30.262992"""
http://www.onkentes.hu/szervezetek/uton-ifjusagi-kulturalis-egyesuelet,Úton Ifjúsági Kulturális Egyesület adatlapja,kulturalis egyesulet kapcsolat,NONE,NONE,NONE,"""2020-07-14T14:58:39.921142"""
http://www.medaliak.hu/kapcsolat,"Kapcsolat - Medáliák Művészeti, Kulturális és Oktatási Egyesület",kulturalis egyesulet kapcsolat,NONE,NONE,NONE,"""2020-07-14T14:58:40.882303"""
https://www.nonprofit.hu/tudastar/alapitvany-vagy-egyesulet,Tudástár - Alapítvány vagy egyesület? - nonprofit.hu,kulturalis egyesulet kapcsolat,NONE,NONE,NONE,"""2020-07-14T14:58:44.575088"""
https://www.szegedvaros.hu/aranyoldalak/magyarorszagi-gorogok-kulturalis-egyesulete-csongrad-megyei-helyi-csoport/,Magyarországi Görögök Kulturális Egyesülete – Csongrád Megyei Helyi Csoport » Szeged Megyei Jogú Város Önkormányzata,kulturalis egyesulet kapcsolat,NONE,NONE,NONE,"""2020-07-14T14:58:46.595602"""
http://ado1szazalek.com/kapcsolat-2007-kulturalis-egyesulet/23125,KAPCSOLAT 2007 KULTURÁLIS EGYESÜLET adó 1% felajánlás – Adó1százalék.com,kulturalis egyesulet kapcsolat,NONE,NONE,NONE,"""2020-07-14T14:58:55.121944"""
http://www.juszti.hu/,Iustitia egyesület,kulturalis egyesulet kapcsolat,NONE,NONE,NONE,"""2020-07-14T14:58:56.185079"""
http://www.bukarestiradio.ro/cimke/setater-kulturalis-egyesulet/,Sétatér Kulturális Egyesület – Bukaresti Rádió,kulturalis egyesulet kapcsolat,NONE,NONE,NONE,"""2020-07-14T14:58:57.865884"""
https://dumaszinhaz.hu/kozerdeku-adatok/,Közérdekű adatok - Dumaszínház,kulturalis egyesulet kapcsolat,NONE,NONE,NONE,"""2020-07-14T14:58:59.848765"""
http://www.ciframuhely.hu/wp-content/uploads/2012/11/asz.pdf,ScrapeTitleError,kulturalis egyesulet kapcsolat,'NoneType' object has no attribute 'text',ScrapeMailError,'NoneType' object has no attribute 'text',"""2020-07-14T14:59:00.904819"""
http://kertesztancegylet.hu/,ScrapeTitleError,kulturalis egyesulet kapcsolat,'NoneType' object has no attribute 'text',ScrapeMailError,'NoneType' object has no attribute 'text',"""2020-07-14T14:59:02.453305"""
http://www.fesz.org/tagsag/escargo-hajoja-szinhazi-nevelesi-szovetkezet/96,Független Előadó-Művészeti Szövetség -,kulturalis egyesulet kapcsolat,NONE,NONE,NONE,"""2020-07-14T14:59:03.177734"""
https://www.chilenohungara.cl/szolgltatsaink,SZOLGÁLTATÁSAINK | chilenohungara,kulturalis egyesulet kapcsolat,NONE,NONE,NONE,"""2020-07-14T14:59:07.022094"""
http://szerelmesekfesztivalja.hu/kapcsolat/,Kapcsolat – Szerelmesek fesztiválja,kulturalis egyesulet kapcsolat,NONE,NONE,NONE,"""2020-07-14T14:59:10.696402"""
http://helyszinhaz.hu/,"Helyszínház Kulturális Egyesület színházi tevékenység, színdarabok",kulturalis egyesulet kapcsolat,NONE,NONE,NONE,"""2020-07-14T14:59:14.628916"""
http://www.omnibus.ro/index.php/hu/katalogus/10631-visus-kulturalis-egyesulet-asociatia-culturala-visus/,VISUS KULTURLIS EGYESLET - ASOCIAIA CULTURAL VISUS,kulturalis egyesulet kapcsolat,NONE,NONE,NONE,"""2020-07-14T14:59:25.517244"""
http://www.fakorhinta.hu/,Hagyományőrző egyesület - népi játékok hagyományörzés jegyében,kulturalis egyesulet kapcsolat,NONE,NONE,NONE,"""2020-07-14T14:59:28.203729"""
https://juhaszferencmk.hu/biatorbagyi-szekely-kulturalis-egyesulet/,Biatorbágyi Székely Kulturális Egyesület | Juhász Ferenc Művelődési Központ Biatorbágy,kulturalis egyesulet kapcsolat,NONE,NONE,NONE,"""2020-07-14T14:59:34.636363"""
https://ni.unideb.hu/hu/oktatasi-kapcsolatok-egyuttmukodo-partnereink,Oktatási kapcsolatok - Együttműködő partnereink | Debreceni Egyetem,kulturalis egyesulet kapcsolat,NONE,NONE,NONE,"""2020-07-14T14:59:38.613408"""
http://www.hangkep.hu/kapcsolat/,Kapcsolat | Hang-Kép Egyesület,kulturalis egyesulet kapcsolat,NONE,NONE,NONE,"""2020-07-14T14:59:42.549504"""
https://budafokteteny.hu/budafok-teteny/civilek/kategoria/Kultur%C3%A1lis%20egyes%C3%BCletek,Civilek - Budafok-Tétény,kulturalis egyesulet kapcsolat,NONE,NONE,NONE,"""2020-07-14T14:59:44.340943"""
http://www3.umiz.at/hu/index.php/besucher/3847-a-budapest-ii-kerueleti-fonix-kulturalis-egyesuelet-csoportos-latogatasa,ScrapeTitleError,kulturalis egyesulet kapcsolat,timed out,ScrapeMailError,timed out,"""2020-07-14T15:00:09.775487"""
http://www.fiatalok.eu/,"Fiatalok Kulturális Szövetsége, Nyíregyháza - www.fiatalok.eu",kulturalis egyesulet kapcsolat,NONE,NONE,NONE,"""2020-07-14T15:00:12.687304"""
http://www.dbhte.hu/index.php/helyi-ertekek/46-hagyomanyorzo-es-kulturalis-szervezetek/180-villanyi-nemet-nemzetisegi-kulturalis-egyesulet,Villányi Német Nemzetiségi Kulturális Egyesület,kulturalis egyesulet kapcsolat,NONE,NONE,NONE,"""2020-07-14T15:00:15.100658"""
http://www.mszheves.hu/,Magyar Vásár Kulturális Egyesület,kulturalis egyesulet kapcsolat,NONE,NONE,NONE,"""2020-07-14T15:00:16.780001"""
http://juhos.net/egyesulet/,Juhos Egyesület | moldvai népzene és táncház,kulturalis egyesulet kapcsolat,NONE,NONE,NONE,"""2020-07-14T15:00:29.491841"""
https://www.lira.hu/hu/kiado/setater-kulturalis-egyesulet-kolozsvar,"Sétatér Kulturális Egyesület, Kolozsvár könyvei - lira.hu online könyváruház",kulturalis egyesulet kapcsolat,NONE,NONE,NONE,"""2020-07-14T15:00:31.418591"""
http://www.hirlevelplusz.hu/civil-bemutato-4-martinus-vallasi-es-kulturalis-egyesulet/,Civil bemutató (4.) - Martinus Vallási és Kulturális Egyesület - H Plusz+,kulturalis egyesulet kapcsolat,NONE,NONE,NONE,"""2020-07-14T15:00:41.656422"""
http://www.fulophaza.joomlaportal.hu/index.php/tarsadalmi-szervezetek/egyesuletek/fulophazi-kulturalis-egyesulet/14-menupontok,Fházi. Kultúrális Egyesület,kulturalis egyesulet kapcsolat,NONE,NONE,NONE,"""2020-07-14T15:00:45.662809"""
https://toronto.mfa.gov.hu/page/vancouver_hmsz,Vancouver | Magyarország Főkonzulátusa Toronto,kulturalis egyesulet kapcsolat,NONE,NONE,NONE,"""2020-07-14T15:00:49.333106"""
http://www.szalanta.hu/index.php/hu/civilelet/amarica-kulturalis_egyesulet,A MARICA Kulturális Egyesület,kulturalis egyesulet kapcsolat,NONE,NONE,NONE,"""2020-07-14T15:00:50.632947"""
http://www.nyitottmuhely.hu/program/a-qwert-kulturalis-egyesulet-sorozata/,A QWERT KULTURÁLIS EGYESÜLET SOROZATA – Nyitott Műhely,kulturalis egyesulet kapcsolat,NONE,NONE,NONE,"""2020-07-14T15:00:54.494248"""
https://nyim.hu/kultura-civilek/civil-szervezetek/nyimi_hagyomanyorzo/,Nyimi Hagyományőrző és Kulturális Egyesület « Nyim,kulturalis egyesulet kapcsolat,NONE,NONE,NONE,"""2020-07-14T15:01:04.859831"""
http://www.sopron.hu/Sopron/portal/front_show?contentId=1741,Sopron,kulturalis egyesulet kapcsolat,NONE,NONE,NONE,"""2020-07-14T15:01:07.341814"""
https://emnt.org/tag/strazsa-kulturalis-egyesulet/?page_id_all=56,Strázsa Kulturális Egyesület – EMNT,kulturalis egyesulet kapcsolat,NONE,NONE,NONE,"""2020-07-14T15:01:09.809283"""
http://www.kulturasz.hu/,KultrSZ,kulturalis egyesulet kapcsolat,NONE,NONE,NONE,"""2020-07-14T15:01:11.047700"""
http://www.kulturalisegyesulet.hu/,kulturalisegyesulet.hu,kulturalis egyesulet kapcsolat,NONE,NONE,NONE,"""2020-07-14T15:01:11.526540"""
https://www.turistamagazin.hu/kereses/kaptarko-termeszetvedelmi-es-kulturalis-egyesulet-hu,Turista Magazin - Keresés,kulturalis egyesulet kapcsolat,NONE,NONE,NONE,"""2020-07-14T15:01:14.910642"""
http://www.tvszombathely.hu/hirek/a-dr-kiss-gyula-kulturalis-egyesulet-szerzoi-delutant-tartott-az-egyetemen-20130228,A Dr. Kiss Gyula Kulturlis Egyeslet szerzi dlutnt tartott az egyetemen - SZTV.hu,kulturalis egyesulet kapcsolat,NONE,NONE,NONE,"""2020-07-14T15:01:18.374963"""
https://moly.hu/kiadok/corvinus-kulugyi-es-kulturalis-egyesulet,Kiadó · Corvinus Külügyi és Kulturális Egyesület · Moly,kulturalis egyesulet kapcsolat,NONE,NONE,NONE,"""2020-07-14T15:01:20.074299"""
http://www.mmszke.hu/kozlemeny/kava-kulturalis-egyesulet-digo-c-eloadasa,Káva Kulturális Egyesület Digó c. előadása | Magyar Művészet- és Szocioterápiás Közösségépítő Egyesület,kulturalis egyesulet kapcsolat,NONE,NONE,NONE,"""2020-07-14T15:01:21.655261"""
https://felvidek.ma/2020/07/a-magyar-kulturalis-elet-ujra-szervezese-valamint-iranyitasa-a-csemadok-es-a-nepmuvelesi-intezet-altal-1949-tol-1995-ig-5/,"A magyar kulturális élet újraszervezése, valamint irányítása a Csemadok és a Népművelési Intézet által 1949- től 1995-ig (5) | Felvidék.ma",kulturalis egyesulet kapcsolat,NONE,NONE,NONE,"""2020-07-14T15:01:26.340082"""
http://www.esztergomivarszinhaz.hu/,Főoldal,kulturalis egyesulet kapcsolat,NONE,NONE,NONE,"""2020-07-14T15:01:30.891551"""
https://gyor.hu/,Győr Megyei Jogú Város Honlapja,kulturalis egyesulet kapcsolat,NONE,NONE,NONE,"""2020-07-14T15:01:32.675455"""
https://hagyomanyokhaza.hu/hu,Címlap | Hagyományok Háza,kulturalis egyesulet kapcsolat,NONE,NONE,NONE,"""2020-07-14T15:01:35.471481"""
https://kulturkor.hu/nevjegy/,Névjegy - Kultúrkör Egyesület,kulturalis egyesulet kapcsolat,NONE,NONE,NONE,"""2020-07-14T15:01:43.291223"""
https://palyazatmenedzser.hu/,Pályázatok 2020 • PályázatFigyelés • PályázatMenedzser,kulturalis egyesulet kapcsolat,NONE,NONE,NONE,"""2020-07-14T15:01:46.738816"""
https://www.szombat.org/,Szombat Online,kulturalis egyesulet kapcsolat,NONE,NONE,NONE,"""2020-07-14T15:01:48.571329"""
https://kultura.hu/,Főoldal – kultúra.hu,kulturalis egyesulet kapcsolat,NONE,NONE,NONE,"""2020-07-14T15:01:50.942780"""
https://lovas.hu/,Lovas Község Önkormányzat,kulturalis egyesulet kapcsolat,NONE,NONE,NONE,"""2020-07-14T15:01:52.158453"""
https://iszlam.com/,"iszlam.com - a Magyarországi Muszlimok Egyházának oldala. Könyvek, videók, tanulmányok, hiteles tájékoztató irodalom érdeklődőknek és muszlimoknak",kulturalis egyesulet kapcsolat,NONE,NONE,NONE,"""2020-07-14T15:01:54.569209"""
https://hungarysport.hu/2020/07/13/megallapodas-szuletett-a-zanati-kse-es-a-haladas-vse-kozott/,ScrapeTitleError,kulturalis egyesulet kapcsolat,HTTP Error 403: Forbidden,ScrapeMailError,HTTP Error 403: Forbidden,"""2020-07-14T15:01:55.232064"""
https://11.kerulet.ittlakunk.hu/hivatalok/200713/kulturalis-csodak-palotajat-es-kulturalis-tindert-hoz-letre-az-onkormanyzat,"XI. kerület - Újbuda | Kulturális csodák palotáját és ""kulturális Tindert"" hoz létre az önkormányzat",kulturalis egyesulet kapcsolat,NONE,NONE,NONE,"""2020-07-14T15:01:56.875653"""
https://www.nyiregyhaza.hu/post/teged-jottunk-koszonteni...-zenes-irodalmi-jubileumi-musor-2020-07-14,"„Téged jöttünk köszönteni..."" - zenés irodalmi jubileumi műsor - Nyíregyháza Megyei Jogú Város Portálja - Nyíregyháza Többet Ad!",kulturalis egyesulet kapcsolat,NONE,NONE,NONE,"""2020-07-14T15:02:08.025814"""
http://www.vac.hu/,Vc.hu - Foldal,kulturalis egyesulet kapcsolat,NONE,NONE,NONE,"""2020-07-14T15:02:16.866198"""
https://tata.hu/,Tata Város Hivatalos Honlapja |,kulturalis egyesulet kapcsolat,NONE,NONE,NONE,"""2020-07-14T15:02:18.660100"""
https://www.magyarhirlap.hu/kultura/20200324-peldaerteku-segitseg-a-kulturalis-szektornak,Példaértékű segítség a kulturális szektornak,kulturalis egyesulet kapcsolat,NONE,NONE,NONE,"""2020-07-14T15:02:19.790374"""
http://www.torda.rs/vesti.html,"TORDA -ÜDVÖZÖLJÜK , DOBRODOŠLI , WELCOME",kulturalis egyesulet kapcsolat,NONE,NONE,NONE,"""2020-07-14T15:02:23.916064"""
https://romkat.ro/,RomKat.ro | Kincseiből régit és újat,kulturalis egyesulet kapcsolat,NONE,NONE,NONE,"""2020-07-14T15:02:32.613282"""
http://kecskemet.hu/,Cmlap Kecskemt Megyei Jog Vros honlapja,kulturalis egyesulet kapcsolat,NONE,NONE,NONE,"""2020-07-14T15:02:34.830103"""
https://www.mavcsoport.hu/,MÁV-csoport |,kulturalis egyesulet kapcsolat,NONE,NONE,NONE,"""2020-07-14T15:02:36.152065"""
http://causewaq.vigrx.pw/maria-katalin-martonffy.html,Maria katalin martonffy,kulturalis egyesulet kapcsolat,NONE,NONE,NONE,"""2020-07-14T15:02:37.047675"""
https://magyarmezogazdasag.hu/2020/07/13/pajtamuzeumtol-helyi-termekekig,ScrapeTitleError,kulturalis egyesulet kapcsolat,<urlopen error timed out>,ScrapeMailError,<urlopen error timed out>,"""2020-07-14T15:03:02.191879"""
https://www.eji.hu/cikk/eji_jogdijak_vallalkozoi_szamla_minta,ScrapeTitleError,kulturalis egyesulet kapcsolat,'NoneType' object has no attribute 'text',ScrapeMailError,'NoneType' object has no attribute 'text',"""2020-07-14T15:03:06.382709"""
https://www.opten.hu/,"OPTEN Kft. » céginformáció, követelés adatbázis, partnerfigyelő, pályázati tanácsadás",kulturalis egyesulet kapcsolat,NONE,NONE,NONE,"""2020-07-14T15:03:07.884656"""
http://www.movarkultura.hu/,Mosonmagyaróvári Kulturális Egyesület - Kezdőlap,kulturalis egyesulet kapcsolat,NONE,NONE,NONE,"""2020-07-14T15:03:08.732087"""
http://www.keszichannel.hu/,Főoldal,kulturalis egyesulet kapcsolat,NONE,NONE,NONE,"""2020-07-14T15:03:35.027975"""
https://magyarnemzet.hu/,Magyar Nemzet | Polgári napilap és hírportál,kulturalis egyesulet kapcsolat,NONE,NONE,NONE,"""2020-07-14T15:03:37.735828"""
https://hd.gorogkatolikus.hu/Tobb-mint-negyszaz-diplomas-kerult-ki-az-elmult-tiz-evben-a-Roma-Szakkollegiumokbol---2020-julius-10?fbclid=IwAR3qdHiTf6jGYjj_isAemOREGGC0Z2BAUFcYoIUL_24La4JAiE7gZbk4vXU,Több mint négyszáz diplomás került ki az elmúlt tíz évben a Roma Szakkollégiumokból | Hajdúdorogi Főegyházmegye,kulturalis egyesulet kapcsolat,NONE,NONE,NONE,"""2020-07-14T15:03:39.875622"""
https://pecsaktual.hu/kultura/ma-legyozte-a-politika-a-civileket-pecsett/,Ma legyőzte a politika a civileket Pécsett | Pécs Aktuál,kulturalis egyesulet kapcsolat,NONE,NONE,NONE,"""2020-07-14T15:03:41.690609"""
http://www.telepaks.net/2020/07/13/negynapos-programsorozattal-keszul-a-varos-szent-istvan-unnepere/,Négynapos programsorozattal készül a város Szent István ünnepére – TelePaks Médiacentrum,kulturalis egyesulet kapcsolat,NONE,NONE,NONE,"""2020-07-14T15:03:45.746556"""
http://www.dzsh.hu/content/hu/a_pasti_utcai_orthodox_zsinagoga,A Pásti utcai orthodox zsinagóga - DZsH,kulturalis egyesulet kapcsolat,NONE,NONE,NONE,"""2020-07-14T15:03:46.588395"""
https://szinhaz.org/,"Színház.org - A Színházi Portál: színház, opera, operett, tánc, fizikai színház, cikrusz, újcirkusz, kritika, interjú, ajánló ///Színház.org",kulturalis egyesulet kapcsolat,NONE,NONE,NONE,"""2020-07-14T15:03:50.627157"""
https://www.hirmondo.ro/kultura/ajanlo-653/,AJÁNLÓ | Székely Hírmondó,kulturalis egyesulet kapcsolat,NONE,NONE,NONE,"""2020-07-14T15:03:52.682120"""
https://www.napi.hu/nemzetkozi_gazdasag/mukincs-epulet-miatt-izzik-vita.709676.html,Legendás épület miatt izzik a vita - Napi.hu,kulturalis egyesulet kapcsolat,NONE,NONE,NONE,"""2020-07-14T15:03:55.017035"""
http://www.m-kodalytarsasag.hu/,ScrapeTitleError,kulturalis egyesulet kapcsolat,got more than 100 headers,ScrapeMailError,got more than 100 headers,"""2020-07-14T15:03:57.499429"""
https://turizmus.com/desztinaciok/kajla-visszatert-a-diosgyori-varba-1170712,Kajla visszatért a Diósgyőri várba - Turizmus.com,kulturalis egyesulet kapcsolat,NONE,NONE,NONE,"""2020-07-14T15:04:00.536768"""
https://www.delmagyar.hu/orszag-vilag/megszunt-a-kotelezo-utcai-maszkviselet-moszkvaban-6626318/,Megszűnt a kötelező utcai maszkviselet Moszkvában | DÉLMAGYAR,kulturalis egyesulet kapcsolat,NONE,NONE,NONE,"""2020-07-14T15:04:03.018566"""
https://qubit.hu/2020/07/12/ganz-mavag-kolonia-ahol-a-gyari-munkasok-vilaga-talalkozik-az-underground-kulturaval-es-a-kinai-varoslakokkal,Ganz-MÁVAG kolónia: ahol a gyári munkások világa találkozik az underground kultúrával és a kínai városlakókkal - Qubit,kulturalis egyesulet kapcsolat,NONE,NONE,NONE,"""2020-07-14T15:04:04.425824"""
https://behir.hu/pozitiv-lett-az-elore-nkse-egyik-jatekosanak-koronavirus-tesztje,Pozitív lett az Előre NKSE egyik játékosának koronavírus-tesztje,kulturalis egyesulet kapcsolat,NONE,NONE,NONE,"""2020-07-14T15:04:06.205660"""
http://www.siofoki-hirek.hu/hu/hirek/4431-uj-forgalmi-rend-a-koch-robert-kuszhegyi-keresztezodesben.html,"Új forgalmi rend a Koch Róbert-Küszhegyi kereszteződésben - Hír:: Siófoki Hírek - Siófok hírek, Siófok programok, Siófok fotók",kulturalis egyesulet kapcsolat,NONE,NONE,NONE,"""2020-07-14T15:04:11.765135"""
https://budaorsinaplo.hu/a-budaorsi-olvasokor-hirei-olvasunk-es-fozunk-adjatok-enni-a-szegenyeknek/,"A Budaörsi Olvasókör hírei - ""Olvasunk és főzünk! - Adjatok enni a szegényeknek!"" - Budaörsi Napló",kulturalis egyesulet kapcsolat,NONE,NONE,NONE,"""2020-07-14T15:04:13.911729"""
https://www.frisss.hu/aktualis/nem-unatkozunk--onkentestoborzas-koncertajanlo-es-helytorteneti-temetoseta-civil-erobol,"FRISSS.hu ...minden Szombathelyrl s krnykrl / Nem unatkozunk! – nkntestoborzs, koncertajnl s helytrtneti temetsta civil erbl",kulturalis egyesulet kapcsolat,NONE,NONE,NONE,"""2020-07-14T15:04:16.570797"""
http://kreativ.hu/kreativ_online/cikk/boldog_madach_neven_fognak_ossze_az_ut_meghatarozo_helyei,Kreatív Online - Boldog Madách néven fognak össze az út meghatározó helyei,kulturalis egyesulet kapcsolat,NONE,NONE,NONE,"""2020-07-14T15:04:19.136999"""
http://kapos.hu/,"somogy megye hírei, kaposvári hírek, videóportál neked! - KaposPont",kulturalis egyesulet kapcsolat,NONE,NONE,NONE,"""2020-07-14T15:04:22.739547"""
https://oroscafe.hu/2020/07/09/testuleti-ules-kozvetites-politika-kepviselo-oroshaza-oroshazi-hirek/,A koronavírus-járvány utáni első testületi ülést tartják | OrosCafé,kulturalis egyesulet kapcsolat,NONE,NONE,NONE,"""2020-07-14T15:04:26.790565"""
https://fotok.transindex.ro/?galeria=1760&kozelebb_vinnek_a_zsido_kulturat_a_varos_lakossagahoz_megneztuk_a_felujitas_alatt_levo_kolozsvari_zsinagogat,Transindex - Kzelebb vinnk a zsid kultrt a vros lakossghoz: megnztk a feljts alatt lv kolozsvri zsinaggt,kulturalis egyesulet kapcsolat,NONE,NONE,NONE,"""2020-07-14T15:04:28.071670"""
https://www.hirolvaso.com/meghalt-bogdan-laszlo-cserdi-polgarmestere/,"Meghalt Bogdán László, Cserdi polgármestere | hirolvaso.com",kulturalis egyesulet kapcsolat,NONE,NONE,NONE,"""2020-07-14T15:04:29.222513"""
http://csokonaiksk.hu/index.php/kapcsolat,Kapcsolat - Csokonai Kulturális Központ,kulturalis egyesulet kapcsolat,NONE,NONE,NONE,"""2020-07-14T15:04:32.664163"""
https://gyongyostv.hu/44960-megujult-a-jeruzsalem-uti-tagovoda-also-szintje/,Megújult a Jeruzsálem Úti Tagóvoda alsó szintje,kulturalis egyesulet kapcsolat,NONE,NONE,NONE,"""2020-07-14T15:04:34.751977"""
https://www.hrportal.hu/hr/diakok-tizezreit-veszitettek-el-a-nyelviskolak-20200713.html,Diákok tízezreit veszítették el a nyelviskolák,kulturalis egyesulet kapcsolat,NONE,NONE,NONE,"""2020-07-14T15:04:38.404953"""
https://www.magyarszo.rs/,Magyar Szó Online,kulturalis egyesulet kapcsolat,NONE,NONE,NONE,"""2020-07-14T15:04:39.766068"""
https://kulturalisfovaros.kormany.hu/kapcsolat,https://kulturalisfovaros.kormany.hu/,kulturalis egyesulet kapcsolat,NONE,NONE,NONE,"""2020-07-14T15:04:42.917479"""
http://www.csakszis.hu/,CSALÁDOK KULTURÁLIS ÉS SZABADIDSPORT KÖZHASZNÚ EGYESÜLETE KOZÁRMISLENY,kulturalis egyesulet kapcsolat,NONE,NONE,NONE,"""2020-07-14T15:04:44.995992"""
https://www.korosikultura.hu/kulturalis-kozpont/muvkozpont-kapcsolat-73.html,"Munkatársak, elérhetőségek",kulturalis egyesulet kapcsolat,NONE,NONE,NONE,"""2020-07-14T15:04:46.630387"""
https://www.fmkportal.hu/index.php?name=helytorteneti_fooldal,FMK,kulturalis egyesulet kapcsolat,NONE,NONE,NONE,"""2020-07-14T15:04:47.989863"""
https://www.kulturaliskozpont.com/kapcsolat,Kapcsolat,kulturalis egyesulet kapcsolat,NONE,NONE,NONE,"""2020-07-14T15:04:50.763426"""
