https://friedberger-trachtenverein.de/impressum/,Impressum
http://www.trachten-stg.de/impressum.htm,Trachtenverein St. Georgen Impressum
http://www.gtev-lattenberger.de/pages/kontakt.php,Trachtenverein Bayerisch Gmain - Kontakt
http://www.trachtenverein-burgberg.de/,Gebirgstrachten und Heimatverein Burgberg e.V.
https://trachtenverein-altusried.de/impressum.html,Trachtenverein G.T.E.V. »Koppachtaler« Altusried e.V. - Impressum
http://www.d-waldnaabtaler.de/kontakt-und-impressum/,Kontakt und Impressum – Trachtenverein D'Waldnaabtaler Windischeschenbach Neuhaus e.V
https://www.trachtenverein-rimsting.de/kontakt/,Trachtenverein Rimsting - Kontakt
https://www.trachtenverein-grassau.de/,Trachtenverein Grassau
https://www.trachtenverein-hirschau.de/kontakt/,Kontakt | Heimat und Trachtenverein Hirschau e.V.
https://www.trachtenverein-frasdorf.de/,Grüß Gott beim Trachtenverein Lamstoana Frasdorf
http://www.trachtenverein-schmied-von-kochel-muenchen-sendling.de/,Trachtenverein Schmied von Kochel Mnchen-Sendling
https://trachtenverein.wildsteig.de/,Trachtenverein in Wildsteig im Pfaffenwinkel: Startseite
http://www.trachtenverein-wasentegernbach.de/index.php/joomlaorg,Trachtenverein Wasentegernbach - Impressum
http://www.trachtenvereinmiesbach.de/,Trachtenverein Miesbach | Tradition geht Online …
https://www.bairer-winkler.de/kontakt.html,Kontakt | Trachtenverein Bairer Winkler
https://www.trachtenverein-oberstdorf.de/,Startseite - trachtenverein-oberstdorf.de
https://www.alpspitzler.de/kontakt.html,Kontakt - Alpspitzler Trachtenverein Nesselwang
https://trachtenverein-nussdorf.de/impressum/,Impressum – Trachtenverein Nussdorf
https://www.trachtenverein-ei.de/,D´Altmühler Eichstätt
https://www.trachtenverein-reichling.de/,A herzliches Grias enk aus Reichling - trachtenverein-reichling
http://www.trachtenverein-vagen.de/impressum.html,HTTP Error 403: Forbidden
https://www.miesenbacher-ruhpolding.de/,Trachtenverein Ruhpolding | D´Miesenbacher
https://www.ktv-bliesransbach.de/kontakt/,Kultur-und Trachtenverein e.V. - Kontakt
http://www.trachtenverein.it/de/kontakt.asp,Trachtenverein St. Ulrich
http://www.trachtenverein.it/de/,Lia Guanc dala gherdëina Urtijëi - Trachtenverein St. Ulrich
https://www.trachtenverein-ei.de/impressum/,Impressum - D´Altmühler Eichstätt
https://www.stoetten.de/Kontakt.17022.0.html,Trachtenverein Stötten: Kontakt
https://www.schlossbergler-hopferau.de/kontakt-und-anfahrt.html,Kontakt & Anfahrt - Trachtenverein Hopferau
http://www.xn--trachtenverein-vls-s3b.at/kontakt.html,Kontakt  - Trachtenverein Völs
http://www.holzar.de/kontakt.html,Kontakt - Trachtenverein D`Holzar Fischen e.V.
http://www.trachtenverein-peiting.de/kontakt/,Kontakt – Trachtenverein Alpenrose
https://www.trachtenverein-hohenaschau.de/impressum,Impressum | Trachtenverein Hohenaschau
https://www.trachtenverein-utting.de/impressum/,Heimat- und Trachtenverein D Ammerseer Utting e.V. - Impressum
http://www.trachtenverein-altenbeuern.de/impressum/,Impressum - Trachtenverein Altenbeuern
https://www.trachtenverein-atzing.de/index.php?option=com_content&view=article&id=6&Itemid=185,Impressum
https://www.muehldorf.de/k29-235-gebirgstrachtenerhaltungsverein_edelweiss_muehldorf_a_inn.html,Mühldorf a. Inn: Kontakt
http://trachtenverein-groebenzell.de/?page_id=69,Kontakt – Trachtenverein Almfrieden Gröbenzell
https://www.trachtenverein-hinterskirchen.de/impressum/,Impressum – Volkstrachtenverein Hinterskirchen
https://www.ebbs.tirol.gv.at/Trachtenverein_D_Schneetoia_Ebbs,""
https://www.trachtenverein-unterfoehring.de/impressum,Impressum
https://www.trachtenverein-bergen.de/about/,Impressum - trachtenverein-bergens Webseite!
https://trachtenverein-diessen.de/impressum,Impressum – Trachtenverein Diessen
https://www.xn--trachtenverein-donauwrth-5oc.de/,Trachtenverein Donauwörth - Startseite
https://www.trachtenverein-wallgau.de/about/,"Impressum - ""d´Simetsbergler"" Wallgau"
http://www.aelpler.de/Kontakt/kontakt.html,Trachtenverein D'lpler - Kontakt
https://www.lofer.salzburg.at/Trachtenverein_D_Stoaberger_,"Trachtenverein "" D´Stoaberger"" - Lofer - Startseite - Unser Lofer - Vereine"
http://www.trachtenverein-valley.de/,Trachtenverein Schlossbergler Valley - Startseite
http://www.trachtenverein-immergruen-straubing.de/kontakt.htm,.: Trachtenverein Immergrün - Kontakt
https://www.trachtenverein-feldwies.de/kontakt/,K
http://www.trachtenverein-walberger.at/trachtenverein-kontakt.asp,Trachtenverein Kontakt zu d’Walberger
http://trachtenverein-etterzhausen.de/Impressum/,Trachtenverein Etterzhausen D`Naabtaler - Impressum
https://www.tv-holzhacker.de/impressum/,Impressum - Trachtenverein Holzhacker e.V. Obertraubling
http://www.xn--grenzlandla-ggging-p3b.de/kontakt.html,Kontakt - Trachtenverein Grenzlandla Gögging e. V.
https://www.wattens.com/trachtenverein-edelweiss-wattens--278718-de.html,Trachtenverein Edelweiß - Wattens - Marktgemeinde Wattens
https://www.muehlbachtaler-lindenberg.de/about/,Impressum - Trachtenverein Mühlbachtaler Lindenbergs Webseite!
http://www.trachtenverein-zuffenhausen.de/kontakt/,Kontakt – Trachtenverein Zuffenhausen
http://www.steirerherzen-seegraben.at/Kontakt/,Trachtenverein Steirerherzen Seegraben - Kontakt
https://www.gtev-inzell.de/impressum/,Impressum – GTEV D'Falkastoaner Inzell – Trachtenverein im Chiemgau
https://trachtenverein-rohrdorf.de/,GTEV Achentaler Rohrdorf e.V.
http://www.trachtenverein-waltenhofen.de/index.php/impressum,Impressum
http://www.schneetoia.at/?page_id=30,Kontakt | Trachtenverein Schneetoia Ebbs
https://www.sierndorf.at/trachtenverein/inhalt/impressum-trachtenverein-der-mg-sierndorf,Impressum Trachtenverein der MG Sierndorf | Sierndorf
https://trachtenverein-moosthenning.de/impressum.html,Impressum - Trachtenverein Moosthenning
https://www.mvneuhausen.de/,index
https://www.trachtenverein-stoetten.de/17018.html,Trachtenverein Stötten: Impressum
https://www.trachtenverein-viechtach.de/index.php/kontakt,Kontakt
https://www.burggen.de/Trachtenverein-Burggen.3965.0.html,Burggen: Trachtenverein Burggen
https://www.trachtenverein-marquartstein.de/index.php?id=3,Kontakt: Trachtenverein Marquartstein-Piesenhausen
https://www.kitzbuehel.eu/Trachtenverein_Kitzbuehel_Landsturmgruppe_1809,Trachtenverein Kitzbühel  Landsturmgruppe 1809 - Kitzbühel - Startseite - Unsere Stadt - Vereine - Vereinsliste
https://trachtenverein-gmund.jimdofree.com/impressum-datenschutz/,Datenschutzerklärung - trachtenverein-gmunds Webseite!
http://trachtenverein-bad-wiessee.de/,"Heimat- und Volkstrachtenverein Bad Wiessee am Tegernsee – eingetragener Verein, gegründet 1927"
https://www.hainfeld.gv.at/Heimat-_und_Trachtenverein_Hainfeld,Heimat- und Trachtenverein Hainfeld - Hainfeld - RiS-Kommunal - Startseite - Unser Hainfeld - Freizeit & Tourismus - Vereine
https://m.facebook.com/trachtenvereinberatzhausen/about/?ref=page_internal&mt_nav=0,Trachtenverein D'Labertaler Beratzhausen - Информације | Фејсбук
http://www.trachtenverein-ai.ch/kontakt.html,Kontakt - www.trachtenverein-ai.ch
https://www.hergensweiler.de/heimatmuseum,Museums- und Trachtenverein - Verwaltungsgemeinschaft Sigmarszell
https://www.mtv-dornhan.info/,MTV Dornhan - Musik- und Trachtenverein Dornhan e.V.
https://kulturdorf-neubeuern.de/kontakt_73.html?bbid=48,Kulturdorf Neubeuern - Kontakt - Trachtenverein Edelweiß Neubeuern
http://www.trachtenverein-menzing.de/,Startseite
https://www.ried.at/Trachtenverein,Trachtenverein - Ried im Innkreis - RiS-Kommunal - Startseite
https://www.rieden.de/Trachtenverein.1485.0.html,Rieden: Trachtenverein
https://www.wertach.de/partner/trachtenverein-wertach/,Trachtenverein Wertach
https://www.hut-raisting.de/impressum/,"Heimat- und Trachtenverein Raisting-Sölb e. V., Raisting - Impressum"
https://www.trachtenverein-sennfeld.de/home/kontakt/,Trachtenverein Sennfeld - Kontakt
https://www.heimatverein-probstzella.de/kontakt-1/,Kontakt - Heimat- und Trachtenverein Probstzella e.V.
http://www.wolfganger.at/kontakt.html,Kontakt - Trachtenverein D`Wolfganger
https://www.trachtenverein-glonn.de/about/,Impressum - trachtenverein-glonns Webseite!
http://trachtenverein-wall.net/impressum/,Impressum | Trachtenverein Wall
https://www.vg-sigmarszell.de/kontakt-1,Kontakt - Verwaltungsgemeinschaft Sigmarszell
https://www.trachtenverein-moosinning.de/,Trachtenverein Moosinning
https://www.trachtenverein-emmering.de/kontakt/,trachtenverein-emmering.de weils-da-brauch-is.de - Kontakt
https://www.puachstoana.com/kontakt/,Kontakt - Trachtenverein D`Puachstoana in Puch bei Hallein nähe Salzburg
https://degrassacher1.de/impressum,Impressum - Trachtenverein Alpenrose Grassach-Tittmoning
http://trachtenverein-seebruck.de/impressum/,Impressum | Trachtenverein Seebruck
https://www.vg-argental.de/verzeichnis/visitenkarte.php?mandat=179122&browser=1,Verwaltungsgemeinschaft Argental - Trachtenverein Maierhöfen
https://www.trachtenverein-voehringen.de/,Trachtenverein d' Illertaler Vöhringen e.V.
https://www.trachtenverein-pang.de/about/,Impressum - Trachtenverein Pang
https://www.trachtenverein-gungolding.de/about/,Impressum - Trachtenverein Gungolding
https://www.trachtenverein-vilsheim.de/,Startseite - Trachtenverein Vilsheim e.V.
http://trachtenverein-obermaiselstein.de/kontakt/, Trachtenverein Obermaiselstein - Kontakt
http://tv-au.de/kontakt/,Kontakt – Trachtenverein Immergrün Au
https://www.wotzdorf.de/impressum/,"Impressum - Trachtenverein ""Immergrün"" Wotzdorf"
https://www.hohenfurch.de/Startseite.trachtenverein.0.html,Hohenfurch: Startseite
https://www.tvr1954.de/cms/,Trachtenverein Reckhölderle
https://www.trachtenverein.piding.de/kontakt.html,Trachtenverein
https://www.trachtenverein-eschenlohe.de/impressum/,Impressum - trachtenverein-eschenlohe
https://www.trachtenverein-schaeftlarn.de/kontakt,Kontakt
https://www.d-jaudesbergler-breitbrunn.de/impressum/,D´Jaudesbergler Breitbrunn - Impressum
http://www.trachtenverein-gaigastoana-sachsenkam.de/Kontakt/Impressum/,Trachtenverein Sachsenkam - Impressum
https://www.trachtenverein-waiblingen.de/kontakt,Kontakt
https://www.trachtenverein-wuerzburg.de/impressum,Impressum
https://www.trachtenverein-gebensbach.de/impressum/,Trachtenverein Gebensbach - Impressum
https://trachtenverein-reischach.de/kontakt,Kontakt – Trachtenverein Reischach
https://www.trachtenverein-isartaler-gruenwald.de/impressum/,D'Isartaler Grünwald - Impressum
http://www.trachtenverein-peiting.de/impressum/,Impressum – Trachtenverein Alpenrose
http://www.trachtenverein-grainbach.de/,GTEV Hochries-Samerberg Grainbach
https://www.trachtenvereinmarktschwaben.de/kontakt/,Kontakt - Trachtenverein Neu Edelweiß Markt Schwaben
http://www.trachtenverein-parsberg-opf.de/kontakt/,Kontakt - Trachtenverein Parsberg i. d. Opf.
http://www.guenztaler.de/kontakt/,Kontakt | Trachtenverein d'Günztaler
https://www.trachtenverein-niederaschau.de/impressum/,Impressum und Datenschutz - Trachtenverein Edelweiß Niederaschau
http://trachtenverein-wolfratshausen.de/kontakt/,Kontakt – Trachtenverein D`Loisachtaler 
https://www.trachtenverein-soellhuben.com/kontakt/,Trachtenverein D'Hochlandler Söllhuben - Kontakt
http://www.almrausch-edelweiss-freising.de/,  - des san mia
https://www.moasawinkler.de/impressum/,Moasawinkler - Impressum
https://www.maisachtaler.de/,"Heimat und Trachtenverein Maisachtaler e.V., Maisach - Home"
https://www.mieming.online/wort/trachtenverein-edelweiss/,Trachtenverein Edelweiß Archive - Mieming.online
http://www.trachtenverein-eglofs.de/kontaktimpressum/impressum.html,"Impressum | Trachtenverein ""D' Syrgensteiner"" Eglofs e.V."
https://www.trachtenverein-burghopfen.de/kontakt/,Trachtenverein Burg Hopfen: Kontakt
https://www.auerbergland.de/Kontakt.17022.0.html,Trachtenverein Stötten: Kontakt
https://www.pnp.de/lokales/landkreis-traunstein/2922313_Altenmarkter-Trachtenverein-Kaiserwetter-beim-Doppeljubilaeum-Fotos.html,Altenmarkter Trachtenverein: Kaiserwetter beim Doppeljubiläum +++ Fotos - Altenmarkt
https://www.trachtenverein-judenburg.com/about/,Impressum - Trachtenverein Lustige Steirer Judenburg
https://www.trachtenverein-greimharting.de/contact.html,Kontakt
https://www.badvigaun.at/Jahreshauptversammlung_des_Trachtenverein_d_Schmittenstoana_Bad_Vigaun_2,Jahreshauptversammlung des Trachtenverein d’Schmittenstoana Bad Vigaun - Bad Vigaun - RiS-Kommunal - Startseite - Bürgerservice - Aktuelles - Neuigkeiten
http://trachtenverein-gauting.de/html/impressum.html,"Impressum - ""D'Würmlust-Stamm"" Gauting e.V."
https://www.trachtenverein-nussdorf-inn.de/kontakt/,"Kontakt zum Trachtenverein | GTEV ""Alpenrose"" Nußdorf e.V."
http://www.tv-silvretta.at/impressum.php,Trachtenverein Silvretta
https://www.trachtenverein-apfeldorf.de/49.0.html,Trachtenverein Apfeldorf: Impressum / Kontakt
https://trachtenvereinniederaudorf.wordpress.com/kontakt/,Remote end closed connection without response
https://www.trachtenverein-almrausch-fuessen.de/impressum,Impressum
https://www.trachtenverein-ismaning.de/impressum,        Trachtenverein Stamm Ismaning    
https://www.trachtenverein-neukirchen.de/kontakt/,Kontakt - D'Oberlander Neukirchen
http://www.trachtenverein-roth.de/kontakt/,Trachtenverein Roth - Kirchanschöring - Kontakt
https://www.trachtenverein-alt-rosenheim.de/,Grüß Gott beim Trachtenverein Alt Rosenheim e. V.
http://www.traun.trachtler.at/,Heimat- und Trachtenverein Traun - Heimat- u. Trachtenverein Traun
http://www.trachtenverein-thierhaupten.de/, - Aktuell
https://trachtenverein-niedersonthofen.jimdo.com/kontakt/,Unser Kontakt - trachtenverein-niedersonthofens Webseite!
http://www.trachtenverein-irschenberg.de/index.php/kontakt.html,Kontakt - Trachtenverein Irschenberg
http://www.trachtenverein-uffing.de/de/impressum,Impressum - trachtenverein-uffing
https://www.prem-am-lech.de/vereine/trachtenverein.php,Vereine in Prem am Lech • 
http://www.gaufest-peterskirchen.de/kontakt/,Trachtenverein D' Mörntaler Peterskirchen - Kontakt
https://www.trachtenverein-wattens.com/kontakt/,Kontakt - trachtenverein-wattens.com
http://www.trachtenverein-kellberg.de/index.php?option=com_impressum&view=impressum&id=0&Itemid=493,Impressum
https://traunsee-almtal.salzkammergut.at/oesterreich-veranstaltung/detail/430104440/esplanadenbummel-des-trachtenverein-traunseer.html,Esplanadenbummel des Trachtenverein Traunseer
http://www.trachtenverein-edelweiss-burgkirchen.de/6901.html,Trachtenverein Burgkirchen
https://www.schramberg.de/de/Unsere-Stadt/Kultur-Freizeit/Vereine/Vereine-A-Z?view=publish&item=club&id=46,Trachtenverein Schramberg
http://www.trachtenverein-teisendorf.de/,GTEV Teisendorf
http://www.trachtenverein-balderschwang.de/kontakt-2/,        Heimat und Trachtenverein Balderschwang e.V.   –  Kontakt        
https://www.adlerstoana.at/impressum/,Impressum | Trachtenverein D´Adlerstoana 
https://www.trachtenverein-holzkirchen.de/kontakt/,Kontakt - Trachtenverein Holzkirchen
https://www.trachtenverein-erlangen.de/?page_id=22,Kontakt | Trachtenverein Erlangen e.V.
https://www.trachtenverein-waldburg.de/kontakt,Kontakt – Trachtenverein Waldburg e.V.
https://www.oberreute.de/aktuelles-service/impressum/,Impressum - Tourismus Oberreute
http://www.trachtenverein-pfaffenhofen.de/Kontakt/Impressum/impressum.html,Impressum
http://trachtenverein-wiggensbach.de/kontakt/,"Kontakt – Trachtenverein ""Blenderbuebe"" Wiggensbach e.V."
https://www.trachtenverein-rossholzen.de/impressum/,Impressum | Trachtenverein Roßholzen
http://www.trachtenverein-reitherkogler.at/171886451,KONTAKT Impressum    - www.trachtenverein-reitherkogler.at
https://www.bodenseegau-trachtenverband.de/ueber-uns/vereine/19-heimat-und-trachtenverein-risstaler-e-v,Bodensee - Heimat - und Trachtenverband - Heimat- und Trachtenverein Rißtaler e.V. Biberach
https://www.trachtenverein-gnigl.at/kontakt/,Kontakt | Trachtenverein Gnigl
http://www.gtev-edelweiss-sonthofen.de/Impressum/,Trachtenverein Sonthofen - - Impressum
https://www.trachtenvereinauerbach.de/kontakt-1/,Kontakt - Trachtenverein Auerbach
https://www.trachtenverein-mering.de/impressum,Impressum
https://www.trachtenverein-buchenberg.de/home/kontakt.htm,Kontakt - Trachtenverein und Heimatverein Buchenberg im Allgäu
https://www.oberoesterreich.at/oesterreich-poi/detail/430010135/trachtenverein-d-wolfganger.html,Trachtenverein D'Wolfganger
https://www.trachtenverein-obing.de/impressum/,Impressum - GTEV D´Grüabinga Obing e. V.
http://www.weikertstoana.de/,"Gebirgstrachten – Erhaltungsverein ""D`Weikertstoana"" e.V."
https://www.alpenroesl-allach.de/,Trachtenverein Alpenrösl München-Allach
https://www.trachtenverein-edelraute.at/de/partner/4149/impressum,Impressum | Trachtenverein Edelraute St. Johann in Tirol | Aktuell im Web
https://rossecker.at/index.php/kontakt/impressum/2-uncategorised/5-press,Die Rossecker- Trachtenverein Roßecker
https://immergruenkolbermoor.de/index.php?view=detail&id=2311&option=com_joomgallery,Immergruen Kolbermoor - Kategorie: 125-jähriges Vereinsjubiläum 28.04.18 - Bild:  125 Jahre Trachtenverein Immergrün004
https://immergruenkolbermoor.de/index.php?view=detail&id=2312&option=com_joomgallery,Immergruen Kolbermoor - Kategorie: 125-jähriges Vereinsjubiläum 28.04.18 - Bild:  125 Jahre Trachtenverein Immergrün005
http://www.trachtenvereinrum.at/index.php/impressum?view=nutzungsbedingungen,Impressum
https://www.donauregion.at/oesterreich/poi/430019578/heimat-und-trachtenverein-verband-innviertel.html,Heimat und Trachtenverein Verband Innviertel
http://kepka.at/huete/musik-trachtenverein-3/,    Musik/Trachtenverein – Josef Kepka & Söhne
https://www.julbach.at/Trachtenverein_Julbach,Julbach - RiS-Kommunal - Julbach-Zentrum
https://www.gelbeseiten.de/gsbiz/5382139f-0c02-4e58-9ef8-86f83b8bf6dd,➤ Trachtenverein D'Schloßbergler 87659 Adresse | Telefon | Kontakt
http://www.untervilstaler.de/,www.untervilstaler.de - Aktuell
https://tv1.nachrichten.at/v%C3%B6cklabruck/sendung/2019_05/maskenball_des_trachtenverein_oberwang/11270,Maskenball des Trachtenverein Oberwang | SW 05-2019 | VÖCKLABRUCK | TV1
https://www.wochenklick.de/igensdorf/c-lokales/immer-wieder-sonntags-der-mtv-macht-musik-aus-dem-fenster_a3822,Immer wieder sonntags – der MTV macht „Musik aus dem Fenster“ - Igensdorf
https://www.1815.ch/videos/rz-magazin/taescher-trachtenverein/,Täscher Trachtenverein | 1815.ch
http://www.oberneukirchen.de/,Herzlich willkommen bei Oberneukirchen.de | oberneukirchen.w-solution.de
https://www.merkur.de/lokales/region-tegernsee/waakirchen-ort84106/,Nachrichten aus Waakirchen - Münchner Merkur
https://www.badische-zeitung.de/vom-verschwinden-des-wurstsalats--50230168.html,Vom Verschwinden des Wurstsalats - Wittnau - Badische Zeitung
http://www.mbb-sg-manching.de/,Home - MBB Manching -
https://www.samerbergernachrichten.de/erinnerungen-eines-chiemgauer-humoristen/,Erinnerungen eines Chiemgauer Humoristen  – Samerberger Nachrichten
https://www.ovb-online.de/rosenheim/wasserburg/kein-gartenfest-kesselfleischessen-13789578.html,HTTP Error 403: Forbidden
http://guvtev.trachtenverein-reichertsheim.de/,Trachtenverein Reichertsheim
"https://www.suedkurier.de/region/schwarzwald/koenigsfeld/drei-mitarbeiter-der-zinzendorfschulen-koenigsfeld-an-covid-19-erkrankt;art372523,10528515",Knigsfeld: Drei Mitarbeiter der Zinzendorfschulen Knigsfeld an Covid-19 erkrankt | SDKURIER Online
https://www.wuermtal.net/,"Home - Wuermtal.Net - Veranstaltungen, Berichte und Nachrichten fürs Würmtal"
https://www.martinsrieder-christkindlmarkt.de/,Home - Martinsrieder Christkindlmarkt e.V.
https://www.onetz.de/oberpfalz/ebnath,Ebnath | Onetz
https://blog.berchtesgadener-land.com/tag/tracht/,Tracht Archive - Bergerlebnis & Alpenstadt - Blog
https://www.gmuender-tagespost.de/1897508/,G
https://www.gmuender-tagespost.de/1897507/,Kein Parkinson-Treff - Gmünder Tagespost
https://quh-berg.de/category/tuten-blasen/page/34/,Tuten & Blasen Archive - Seite 34 von 34 - QUH
https://www.nordbayern.de/ort/forchheim/weilersbach,Weilersbach: alle Informationen zu Weilersbach Seite 1 - nordbayern.de
https://de.wikipedia.org/wiki/Schliersee_(Gemeinde),Schliersee (Gemeinde) – Wikipedia
https://wrint.de/2018/10/28/wr875-acme-forschung/,WR875 ACME-Forschung – WRINT: Wer redet ist nicht tot
https://www.meinbezirk.at/leoben/c-lokales/st-peter-freienstein-fest-in-narrenhand_a3942885,Faschingsumzug St. Peter-Freienstein: St. Peter-Freienstein fest in Narrenhand - Leoben
https://www.huettenland.com/huette.php?objektID=817,Oberstuffer Alm am Samerberg | Almhtte fr 2 - 10 Personen mieten
https://www.schwaebische-post.de/1897508/,Grillhähnchen und Kuchen - Schwäbische Post
https://www.schwaebische-post.de/1897507/,Kein Parkinson-Treff - Schwäbische Post
https://www.stadtanzeiger-ortenau.de/hornberg,Aktuelle Nachrichten aus Hornberg - Stadtanzeiger Ortenau
https://www.schwarzwaelder-bote.de/inhalt.villingendorf-bei-der-heuernte-hat-es-vor-50-jahren-gefunkt.7210918f-9d98-4d44-9d36-6c46e6f4fe1a.html,Villingendorf: Bei der Heuernte hat es vor 50 Jahren gefunkt - Rottweil - Schwarzwälder Bote
https://aternos.org/impressum/,Imprint | Aternos GmbH
https://www.watson.ch/schweiz/asylgesetz/244218821-asylfuersorge-vorlaeufig-aufgenommene-haben-nachteil-bei-integration,Asylfürsorge: Vorläufig Aufgenommene haben Nachteil bei Integration - watson
http://www.trachtenverein-spalt.de/,Trachtenverein Spalt
https://www.trachteria.de/impressum/,Impressum Trachteria
https://trachtl.de/Impressum,Impressum
https://trachsel.net/impressum/,Impressum - h.u. trachsel gmbh
http://www.drehmo.com/de/impressum,IMPRESSUM
https://www.grafing.de/,Stadt Grafing
