"https://mazowsze.waw.pl/pl/kontakt/dane-teleadresowe/11,Dane-teleadresowe.html",<urlopen error [SSL: CERTIFICATE_VERIFY_FAILED] certificate verify failed: unable to get local issuer certificate (_ssl.c:1108)>
https://www.mazowsze.waw.pl/,<urlopen error [SSL: CERTIFICATE_VERIFY_FAILED] certificate verify failed: unable to get local issuer certificate (_ssl.c:1108)>
http://oksir.wiszniamala.pl/muzyka/zespol-ludowy-szymanowianie/,Zespół Ludowy Szymanowianie | Ośrodek Kultury Sportu i Rekreacji w Wiszni Małej
"https://www.umcs.pl/pl/zespol-tanca-ludowego-umcs,11606.htm",Zespół Tańca Ludowego UMCS - Zespoły - Członkowie PS IOV - Zespoły - Międzynarodowa Organizacja Sztuki Ludowej (IOV) Sekcja Polska - Strona główna UMCS
"https://www.umcs.pl/pl/zespol-tanca-ludowego-umcs-im-stanislawa-leszczynskiego,9464.htm",Zespół Tańca Ludowego UMCS im. Stanisława Leszczyńskiego - Taniec - Program Chatki Żaka - Akademickie Centrum Kultury UMCS Chatka Żaka - Strona główna UMCS
http://andrychow.eu/kultura/zespoly/andrychow/andrychow.htm,Centrum Kultury i Wypoczynku w Andrychowie
https://powiat.koszalin.pl/zespo%C5%82y-ludowe.html,Starostwo powiatowe
http://www.gok.siedliszcze.pl/index.php/kontaktzespolludowy.html,Zespół Ludowy - kontakt
http://www.gokplosnica.pl/zespoly-ludowe-gckib-w-plosnicy/zespol-spiewaczy-echo-ze-skurpia,"Zespół śpiewaczy ""Echo"" ze Skurpia - Gminne Centrum Kultury i Biblioteka w Płośnicy"
http://www.zpk-zmigrod.eu/kultura/82-z-ycia-zespou-ludowego-qdyszelq," Zespół Ludowy ""Dyszel"""
https://nck.krakow.pl/nowahuta/,Zespół Pieśni i Tańca Nowa Huta – Zespół Pieśni i Tańca Nowa Huta
http://www.kornickiosrodekkultury.pl/warsztaty/item/11-zesp%C3%B3%C5%82-pie%C5%9Bni-i-ta%C5%84ca-ziemii-k%C3%B3rnickiej.html,timed out
https://www.maligorzowiacy.pl/kontakt.html,Kontakt - Mali Gorzowiacy - Zespół Tańca Ludowego
https://www.vrsa.lt/go.php/Kultura837387,Samorząd Rejonu Wileńskiego - Zespoły i koła zainteresowań
http://www.slowianki.uj.edu.pl/,Zespół Pieśni i Tańca Uniwersytetu Jagiellońskiego Słowianki
http://www.ztl.awf.poznan.pl/kontakt/,"Zespół Tańca Ludowego AWF ""Poznań"" - Kontakt"
http://harnam.pl/,Harnam | – Zespół Tańca Ludowego im. Jadwigi Hryniewieckiej
http://www.uwm.edu.pl/kortowo/,Zespoł Pieśni i Tańca Kortowo
http://www.zagnansk.pl/asp/pl_start.asp?typ=14&sub=11&subsub=51&menu=96&strona=1,Zespół Ludowy Jaworzanki - Animatorzy kultury - Gminna Biblioteka Publiczna - Gmina - ZAGNAŃSK - Gminny Portal Internetowy
https://www.ckis.konin.pl/zespoly-wokalne-ludowe-wiejskie-seniorow/,"Zespoły wokalne - ludowe, wiejskie, seniorów - CKiS Konin"
http://pdk.pyrzyce.net/zpit/,Zespół Pieśni i Tańca Pyrzyce – Pyrzycki Dom Kultury
http://www.gmina-lubartow.pl/index.php/kultura-i-oswiata/61-menu-przedmiotowe/kultura-i-oswiata/123-zespol-rokiczanka,"Zespół ""Rokiczanka"""
http://kultura.miekinia.pl/index.php?page=zespol-radosni,Miękinia - Zespół Radośni
http://www.swieszyno.pl/strona/zespo%C5%82y-%C5%9Bpiewacze,Zespoły śpiewacze | Gmina Świeszyno
https://www.wbp.poznan.pl/folklor/kapele-ludowe/,Kapele ludowe
http://www.lany.com.pl/,ŁANY - Zespół Pieśni i Tańca
https://www.pruszkow.pl/kultura/dom-kultury/zespol-tanca-ludowego-pruszkowiacy/,"Zespół Tańca Ludowego ""Pruszkowiacy"" - Pruszków"
https://lok.art.pl/dziecieco-mlodziezowy-zespol-ludowy-koderki/,Dziecięco-Młodzieżowy Zespół Ludowy „KODERKI” | Łowicki Ośrodek Kultury
http://www.palac.art.pl/pl/strona/zespol-piesni-i-tanca-pkz-golowianie,Zespół Pieśni i Tańca PKZ Gołowianie | www.palac.art.pl
http://pruszkowiacy.pl/,"ZTL ""PRUSZKOWIACY"" – Witają w świecie tańca i muzyki!"
http://www.mdk-lancut.pl/asp/pl_start.asp?typ=14&sub=7&menu=12&strona=1,"Zespół Pieśni i Tańca ""Mały Łańcut"" - Zespoły artystyczne i koła zainteresowań - MDK Łańcut"
https://www.wieliczka.eu/pl/201191/0/zespoly-chory-orkiestry-tworcy.html,"Zespoły, chóry, orkiestry, twórcy - wieliczka.eu"
http://www.gckinowlodz.naszgok.pl/lokalni-artysci/zespoly-ludowe,Zespoły Ludowe - Gminne Centrum Kultury Zamek w Inowłodzu
https://www.liszki.pl/zespol-piesni-i-tanca-ziemia-lisiecka,"Zespół Pieśni i Tańca ""Ziemia Lisiecka"" -  Gmina Liszki"
https://pl.wikipedia.org/wiki/Pa%C5%84stwowy_Zesp%C3%B3%C5%82_Ludowy_Pie%C5%9Bni_i_Ta%C5%84ca_%E2%80%9EMazowsze%E2%80%9D,"Państwowy Zespół Ludowy Pieśni i Tańca „Mazowsze” – Wikipedia, wolna encyklopedia"
https://www.awf.edu.pl/student/zycie-studenckie/ztl,AWF - ZTL
https://radio.lublin.pl/2020/03/dzis-dzien-kobiet-zespol-tanca-ludowego-umcs-zaprasza-na-koncert-2/,Dziś Dzień Kobiet. Zespół Tańca Ludowego UMCS zaprasza na koncert – Polskie Radio Lublin
http://www.wokollysejgory.pl/asp/pliki/Nasze_publikacje/przeglad_folklorystyczny_lcoi.pdf,'NoneType' object has no attribute 'text'
https://krakowiak.edu.pl/cms/index.php/kontakt-34,<urlopen error [SSL: CERTIFICATE_VERIFY_FAILED] certificate verify failed: unable to get local issuer certificate (_ssl.c:1108)>
https://awf.wroc.pl/uczelnia/zespol-tanca-ludowego-awf-we-wroclawiu-kalina-1307,"Zespół tańca ludowego AWF we Wrocławiu ""Kalina"" | Akademia Wychowania Fizycznego we Wrocławiu"
http://www.oronsko.pl/asp/pl_start.asp?typ=13&submenu=7&menu=7&dzialy=7&schemat=3&akcja=artykul&artykul=123,Młodzieżowy Zespół Ludowy ˝Guzowianki˝ - Aktualności - Gmina Orońsko
"http://www.sdksanok.pl/zespoly,ztl-sanok,47.html",O zespole - Zespoły - Sanocki Dom Kultury
http://www.razemdlaradomki.pl/stowarzyszenie_wolanianki-pl,Stowarzyszenie Mionikw Zespou Ludowego Wolanianki
http://www.piekoszow.pl/asp/pl_start.asp?typ=14&menu=44&strona=1&sub=14&subsub=16,Zespoły ludowe - Kultura - Gmina Piekoszów - Urząd Gminy w Piekoszowie
http://dabrowabiskupia.pl/contents/68,"Zespół Ludowy RADOJEWICZANIE - ""Radojewiczanie"" - Gmina Dąbrowa Biskupia - oficjalny portal"
https://www.zpitpw.pl/pl/,Aktualności - Zespół Pieśni i Tańca Politechniki Warszawskiej
"http://www.gmina.wloclawek.pl/art,311,zespol-folklorystyczny-kruszynioki.html","Zespół Folklorystyczny ""Kruszynioki"" - Gmina Włocławek"
http://gokis.jastkow.pl/kultura/zespol_piesni_i_tanca_dabrowica,Gminny Ośrodek Kultury i Sportu w Jastkowie z siedzibą w Dąbrowicy - Zespół
https://www.ug.dzierzoniow.pl/oswiata/zespoly-ludowe,Oświata - Gmina Dzierżoniów
http://lidzbarskidomkultury.pl/zespol-tanca-ludowego-perla-warmii/,Zespół Tańca Ludowego PERŁA WARMII - Lidzbarski Dom Kultury
http://www.ndk.nysa.pl/strona-234-zespol_piesni_i_tanca_nysa.html,Zespół Pieśni i Tańca (seniorzy) - Portal - Nyski Dom Kultury
http://warszawianka.uw.edu.pl/,      Zespół Pieśni i Tańca Uniwersytetu Warszawskiego WARSZAWIANKA    
http://powiat.przemysl.pl/kultura/ambasadorzy-kultury/szkolny-zespol-ludowy-ziemi-przemyskiej/,  Szkolny Zespół Ludowy Ziemi Przemyskiej „TRÓJCZYCE” : Powiat Przemyski | Oficjalny serwis internetowy
http://www.zespolslask.pl/,Zespół Pieśni i Tańca Śląsk im. Stanisława Hadyny
http://www.zespol-czestochowa.pl/,"Zespół Pieśni i Tańca ""Częstochowa"" | Oficjalna strona Zespołu Pieśni i Tańca ""Częstochowa""."
https://www.powiat.oswiecim.pl/powiat-oswiecimski/kultura/wykaz-zespolow-ludowych/,Wykaz zespołów ludowych | Witamy na stronie Powiatu Oświęcimskiego
http://www.lzs.slask.pl/kontakt,Kontakt -Śląskie Wojewódzkie Zrzeszenie Ludowe Zespoły Śportowe LZS Katowice
http://www.ckgm.pl/asp/pl_start.asp?typ=14&sub=8&menu=181&strona=1,Hisotria zespołu - RZPiT Markowianie - CKGM Markowa - Centrum Kultury Gminy Markowa
http://www.domkulturylsm.pl/?p=10056,25 kwietnia – Zespół Ludowy SŁAWINIACY | Dom Kultury LSM
http://prusice.pl/173/zespol-ludowy-trzy-deby.html,Zespół Ludowy Trzy Dęby - Urząd Miejski w Prusicach
https://mdk2.pl/kola-i-kluby-taneczne/mala-wielkopolska.html,Zespół Tańca Ludowego Mała Wielkopolska
"http://mok.siedlce.pl/Podstrony/Zespol-Piesni-i-Tanca-Ziemi-Siedleckiej-Chodowiacy,10",MOK
http://www.gok.wisniew.pl/node/18,"Kapela i Zespół Ludowy ""Wiśniewiacy"" im. Zbigniewa Myrchy  | Gminny Ośrodek Kultury w Wiśniewie"
https://kultura-kobierzyce.pl/service/zespol-folklorystyczny-jarzebina/,Zespół Folklorystyczny Jarzębina – Kobierzycki Ośrodek Kultury
http://rcak.pl/2018/04/16/lista-zespolow-spiewaczych/,Lista zespołów śpiewaczych – rcak.pl
https://ktt.pl/taniec-ludowy-zajecia-od-pazdziernika/,Taniec ludowy- zajęcia od października - Kielecki Teatr Tańca
https://dksokol.eu/zespol/zespol-piesni-i-tanca-klosowianie/,"Zespół Pieśni i Tańca ""Kłosowianie"" - DK Sokół"
https://mokpolice.pl/oferta-kulturalna/zespol-tanca-ludowego-policzanie/,Zespół Tańca Ludowego POLICZANIE – Miejski Ośrodek Kultury w Policach
http://leszczyniacy.pl/,ZTL Leszczyniacy
https://www.facebook.com/ZPiTLDzieciPodlasia/,"Zespół Pieśni i Tańca Ludowego ""Dzieci Podlasia"" - Почетна страница | Фејсбук"
https://lodzk.opole.pl/silesia/,Silesia | Łubniański Ośrodek Kultury
http://www.warmia.org.pl/,Zespół Pieśni i Tańca Warmia Olsztyn
http://www.mgokis.praszka.pl/index.php?id=105,Miejsko Gminny Osrodek Kultury i Sportu w Praszce
http://mgck.ryki.pl/zespol-tanca-ludowego-ryki/,Zespół Tańca Ludowego „Ryki” – MIEJSKO-GMINNE CENTRUM KULTURY W RYKACH
http://www.skansen.bialystok.pl/kontakt/zespol/,Zespół – Podlaskie Muzeum Kultury Ludowej
http://www.dkilza.pl/kontakt-jasieniec-105.html,Dom Kultury w Iłży
https://goluchow.pl/cms/1410/zespol_piesni_i_tanca_tursko,<urlopen error [SSL: CERTIFICATE_VERIFY_FAILED] certificate verify failed: unable to get local issuer certificate (_ssl.c:1108)>
http://gdk.com.pl/index.php?plik=kolo&kola_id=55,Gryfiński Dom Kultury
"https://www.poznan.pl/mim/main/zespoly-folklorystyczne,poi,186,15/",Zespoły Folklorystyczne -Poznan.pl
http://www.gok.mogilany.pl/pl/folklor/zespol-regionalny-mogilanie.html,"Gminny Ośrodek Kultury w Mogilanach - Zespół Regionalny ""Mogilanie"""
https://www.gov.pl/web/kultura/nagroda-im-oskara-kolberga1,NAGRODA IM. OSKARA KOLBERGA „ZA ZASŁUGI DLA KULTURY LUDOWEJ” - Ministerstwo Kultury i Dziedzictwa Narodowego - Portal Gov.pl
http://pok.piechowice.pl/grupy-i-uzytkownicy-pok/zespol-szklarki,Zespół Szklarki - Piechowicki Ośrodek Kultury
"http://www.grodzisk.ckrondo.pl/?kontakt,98",Kontakt - CK RONDO - Centrum Kultury RONDO w Grodzisku Wlkp.
https://www.mszana.ug.gov.pl/kultura/zespoly-spiewacze,Zespoły śpiewacze
https://mdkmlawa.com/kultura/zespoly,HTTP Error 403: 
https://teatrwielki.pl/repertuar/kalendarium/2019-2020/betlejem-polskie-panstwowy-zespol-ludowy-piesni-i-tanca-mazowsze/,Betlejem Polskie - Państwowy Zespół Ludowy Pieśni i Tańca „Mazowsze” : Teatr Wielki Opera Narodowa
http://www.gokic.rakszawa.pl/asp/pl_start.asp?typ=14&menu=35&strona=1&sub=10,Kapela Ludowa Brzeziny - Zespoły Artystyczne - Gminny Ośrodek Kultury i Czytelnictwa w Rakszawie
http://www.zsgoladkowo.eu/o-szkole/zespol-piesni-i-tanca-goladkowo,Zespół Pieśni i Tańca „Golądkowo” | Zespół Szkół Centrum Kształcenia Rolniczego
http://www.gokolesnica.pl/dom-kultury/zespoly,Zespoły - Gminny Ośrodek Kultury Oleśnica
https://palac.olsztyn.pl/dzieciecy-zespol-ludowy-klobuczki.html,Dziecięcy Zespół Ludowy KŁOBUCZKI - Pałac Młodzieży w Olsztynie
https://siemck.pl/zpit/,Zespół Pieśni i Tańca „Siemianowice” – Siemianowickie Centrum Kultury
"https://www.wolanow.pl/183,wolanianki",Gmina Wolanów
https://csm.tarnow.pl/swierczkowiacy,                Świerczkowiacy -                         Centrum Sztuki Mościce            
http://gokprzygodzice.pl/index.php/o-zespole,O zespole
http://www.gok.blazowa.net/index.php/dzialalnosc/zespol-obrzedowy-futomianie,Zespół Obrzędowy „Futomianie”
"http://dolfil.pl/zespoly-i-kapele,25",Zespoły i Kapele | Dolfil.pl
https://okiswbierutowie.pl/zespol-piesni-ludowej-miasta-i-gminy-bierutow/,Zespół Pieśni Ludowej Miasta i Gminy Bierutów – OKiS w Bierutowie
https://www.wisla.pl/mieszkaniec/grupy-i-kapele-muzyczne,Grupy i kapele muzyczne w Wiśle
http://www.czaplinek.pl/page/zespo%C5%82y-amatorskie-0,Zespoły amatorskie | Urząd Miejski w Czaplinku
https://www.bckpiekoszow.pl/o-nas/kontakt,BCK Piekoszów - Kontakt
http://gckjerzmanowa.pl/pl/page/5/zespol-jaczowiacy,Zespół Jaczowiacy
http://eck.elk.pl/edukacja/mzpit/,Mazurski Zespół Pieśni i Tańca Ełk » Ełckie Centrum Kultury - ECK Ełk
https://www.nawojowa.pl/pl/198/0/kultura-i-sztuka.html,Kultura i sztuka - Gmina Nawojowa
http://www.ldk.lodz.pl/wspolpraca-t9/zespoly-muzyczne-t357, Zespoły Artystyczne  | Łódzki Dom Kultury
https://www.db.com/poland/pl/content/kontakt.html,Deutsche Bank – Kontakt
http://www.wok-wolow.pl/?page_id=271,Zespół Ludowy „Mojęcice” – WOK – Wołowski Ośrodek Kultury
https://www.apk.augustow.pl/przeglad-augustowski,APK Augustów
https://www.zpitkujawy.pl/pl/,Strona główna - Zespół Pieśni i Tańca Kujawy
http://www.bck24.pl/oferta-zajec-w-bck/zpit-podlasiacy/135-oferta-zajec-zespol-piesni-i-tanca-podlasiacy.html,OFERTA ZAJĘĆ - Zespół Pieśni i Tańca „Podlasiacy” - OFERTA ZAJĘĆ w BCK - ZPiT PODLASIACY - Bialskie Centrum Kultury
"http://www.mdk.gorzow.pl/kontakt,4.html",Kontakt - Młodzieżowy Dom Kultury Gorzów Wlkp.
https://ziemiabydgoska.pl/,Zespół Pieśni i Tańca Ziemia Bydgoska - Aktualności            
https://kundzia.pl/662?kontakt,"Zespół Tańca Ludowego ""Kundzia"" z Chełmna"
http://lzs.info.pl/kontakt/,Kontakt | Dolnośląskie Zrzeszenie Ludowe Zespoły Sportowe we Wrocławiu
https://gminazamosc.pl/kultura/zespoly-wokalne/,Zespoły wokalne - Gmina Zamość
https://www.sobotka.pl/kultura-i-nauka/zespoly-muzyczne/,Zespoły muzyczne – Urząd Miasta i Gminy Sobótka
http://pckul.pl/folklor/,Z
http://serwis.zbaszyn.pl/PL/591/Zespoly_ludowe/,Gmina Zbąszyń – Zespoły ludowe
http://zpitpl.pollub.pl/,Aktualności - Zespół Pieśni i Tańca Politechniki Lubelskiej
https://www.gokiskwr.pl/sekcje-2/zajecia-gokis/zespol-tanca-ludowego-hanka/,ZESPÓŁ TAŃCA LUDOWEGO HANKA | GOKiS KĄTY WROCŁAWSKIE
https://www.ue.katowice.pl/jednostki/zespol-piesni-i-tanca-silesianie.html,"Zespół Pieśni i Tańca ""Silesianie"" | Uniwersytet Ekonomiczny w Katowicach"
http://archiwum.mok.zory.pl/strona-444-Zespoly_wokalne_i_taneczne_Ludowy_Zespol_Piesni_i_Tanca_Osiny.html,MIEJSKI OŚRODEK KULTURY W ŻORACH Ludowy Zespół Pieśni i Tańca &quot;Osiny&quot;
https://ck-smigiel.pl/index.php/zespoly-i-sekcje/74-zespoly-i-sekcje-po-za-ck/165-zespol-piesni-i-tanca-zency-wielkopolscy,Centrum Kultury - Zespół Pieśni i Tańca „Żeńcy Wielkopolscy”
http://gimwm.psis.edu.pl/index.php/kontakt,Miejski Zespół Szkół w Wysokiem Mazowieckiem - Kontakt
https://www.hyzne.pl/7-kultura/83-zespol-piesni-i-tanca-hyzniacy.html,"Kultura - Zespół Pieśni i Tańca ""Hyżniacy"" - Urząd Gminy Hyżne"
http://krakus.net/,<urlopen error timed out>
http://www.ludowe.radiowroclaw.pl/infopages/view/4/Kontakt,Kontakt - Lista Przebojów Ludowych Radia Wrocław - Radio Wrocław
https://www.promni.pl/,'NoneType' object has no attribute 'text'
https://ck.czarny-bor.pl/grzedowianki/,Zespół Ludowy “Grzędowianki”   - Centrum Kultury w Czarnym Borze
https://www.muzeum-radom.pl/kapele-ludowe,"Kapele Ludowe, Muzeum Wsi Radomskiej w Radomiu i Muzeum im. Oskara Kolberga w Przysusze"
http://gok.jedlicze.pl/kontakt/,Kontakt ← Gminny Ośrodek Kultury w Jedliczu
http://sok.strzelce.pl/sekcje/zespol-tanca-ludowego-krajna/,Zespół Tańca Ludowego „Krajna” | Strzelecki Ośrodek Kultury
https://jantar.ug.edu.pl/,Zespół Pieśni i Tańca JANTAR | Witamy na stronie zespołu
https://ksiezpol.pl/kultura-i-sport/gminny-osrodek-kultury/,Gminny Ośrodek Kultury | Gmina Księżpol
https://spparszow.edupage.org/text/?text=text/text3&subpage=7,Organizacje | Szkoła Podstawowa im. Wojska Polskiego w Parszowie
http://www.sandomierz.pl/kultura/zespoly-artystyczne/zespol-tanca-ludowego-quot-sedomir-quot-dzialajacy-przy-sp3,    Zespół Tańca Ludowego &quot;Sędomir&quot; działający przy SP3 | Sandomierz
http://kultura-bedzino.pl/zespoly/,ZESPOŁY:) | Strona Gminnego Ośrodka Kultury w Będzinie
https://www.bystra-sidzina.pl/kultura-i-turystyka/zespoly-regionalne,Zespoły regionalne | Gmina Bystra-Sidzina
http://dziedzictwosuwalszczyzny.soksuwalki.eu/zespoly-folklorystyczne-regionu/zespoly-powiatu-suwalskiego/,   zespoły powiatu suwalskiego  : Dziedzictwo Suwalszczyzny
http://gokkruklanki.pl/gok/formy-pracy-i-zespoly/mazurski-zespol-piesni-i-tanca-kruklanki/,"MAZURSKI ZESPÓŁ LUDOWY ""KRUKLANKI"" | BIBLIOTEKA I OŚRODEK KULTURY GMINY KRUKLANKI"
http://www.mszana.pl/nasza-gmina/kultura/zespoly-regionalne/zespol-regionalny-kasinianie-zagorzanie-z-kasiny-wielkiej.html,Zespół Regionalny „Kasinianie – Zagórzanie”  z Kasiny Wielkiej - Gmina Mszana Dolna
http://www.bieliny.pl/asp/pl_start.asp?typ=14&sub=47&subsub=51&menu=92&strona=1,Bielinianki - Zespoły ludowe - Kultura - Urząd Gminy Bieliny
http://podlasiaczki.pl/,podlasiaczki – Amatorski Dziecięcy Zespół Ludowy
https://dkswit.com.pl/polka-zespol-ludowy/,Zespół tańca ludowego Polka Dot - Dom Kultury Świt
https://ludowy.pl/,Teatr Ludowy
https://gdk.goleniow.pl/kontakt/24-goleniowski-dom-kultury,Kontakt - Goleniowski Dom Kultury
"http://www.osieck.pl/art,454,kadzioleczka.html",Kądziołeczka - Gmina Osieck
"https://www.wrzesnia.powiat.pl/774,zespoly-folklorystyczne-z-kresow",Zespoły folklorystyczne z Kresów | Powiat Wrzesiński
https://www.powiat-piotrkowski.pl/index.php?cat=kultura&page=ludowe-talenty-nagrodzili-w-czarnocinie,Starostwo Powiatowe w Piotrkowie Trybunalskim - Ludowe talenty nagrodzili w Czarnocinie
http://www.ztlbiawena.cba.pl/kontakt-z-administratorem-strony/,Kontakt z administratorem strony – Stowarzyszenie Zespół Tańca Ludowego Biawena
https://zodr.pl/targi-rolne,Targi Rolne - ZODR - Zachodniopomorski Ośrodek Doradztwa Rolniczego w Barzkowicach
https://www.gminapcim.pl/post/82/kapela-trzebunskie-kliszczaki,<urlopen error [SSL: CERTIFICATE_VERIFY_FAILED] certificate verify failed: unable to get local issuer certificate (_ssl.c:1108)>
http://krakowiacy.art.pl/,Strona główna - Krakowiacy
https://zespolyludowe.pl/kontakt/,Skontaktuj się z nami » Portal ZespolyLudowe.pl
https://sck.morawica.pl/asp/pl_start.asp?typ=14&menu=49&strona=1&sub=12&subsub=35&subsubsub=46,Rodzinna Kapela Korbanów - Drochowianie
http://sck.sochaczew.pl/strefa-muzyki/folklorek,Dziecięco-Młodzieżowy  Zespół Pieśni i Tańca Folklorek – Sochaczewskie Centrum Kultury
https://www.gokklucze.pl/index.php?option=com_content&view=article&id=254&Itemid=330,"ZESPÓŁ ""ZIEMIA KLUCZEWSKA"" "
http://lzs.pl/,Krajowe Zrzeszenie LZS
https://www.politykainsight.pl/nowa/zespol,Nasz zespół - Polityka Insight
https://gckis.bobrowniki.pl/zespol-spiewaczy-bobrowczanie/,ZESPÓŁ ŚPIEWACZY „BOBROWCZANIE” – Gminne Centrum Kultury i Sportu w Bobrownikach
https://www.suszec.pl/pl/6573/0/kontakt.html,Kontakt - suszec.pl
"https://www.um.cieszyn.pl/zespol-piesni-i-tanca-ziemi-cieszynskiej,56.html",Zespół Pieśni i Tańca Ziemi Cieszyńskiej - Urząd Miejski w Cieszynie
http://ckis.stary.sacz.pl/regionalny-zespol-starosadeczanie/,Regionalny Zespół STAROSĄDECZANIE | Centrum Kultury i Sztuki im. Ady Sari
https://goklopiennik.org/zespoly-artystyczne/kapela-ludowa-lopienczacy,"Kapela Ludowa ,,Łopieńczacy”  |  Gminny Ośrodek Kultury w Łopienniku Górnym"
http://www.kultura.krasnystaw.pl/index.php/kapela-ludowa-krasnostawiacy,"Krasnostawski Dom Kultury - Kapela ""UROCZYSKO"""
http://gokramsk.pl/,GOK Kramsk | Gminny Ośrodek Kultury w Kramsku
https://turysta.brenna.org.pl/pl/zespoly-regionalne,Zespoły Regionalne - Oficjalny Serwis Gminy Brenna - portal przyjazny użytkownikom i urządzeniom mobilnym
https://gorzowiacy.jimdofree.com/kontakt/,"Kontakt - Zespół Tańca Ludowego ""GORZOWIACY"""
http://www.gmina.rabka.pl/informator_miejski/zespoly_muzyczne_i_taneczne,Zespoły muzyczne i taneczne - Urząd Miejski Rabka-Zdrój
https://www.fundacjabracigolec.pl/o-nas/zespol,Zespół
http://szemud.pl/informacje-praktyczne/organizacje-pozarzadowe/zespol-koleczkowianie/,Zespół „Koleczkowianie” | Gmina Szemud
"https://serwis.bip.golub-dobrzyn.com.pl/5314,wykaz-klubow-sportowych",Wykaz klubów sportowych
http://www.michalczowa.iap.pl/s2.html,'NoneType' object has no attribute 'text'
http://mdk.szczebrzeszyn.pl/asp/pl_start.asp?typ=14&sub=3&subsub=72&menu=39&strona=1,- Zespół Folkowy KOROMYSŁO - Obecne - Zespoły artystyczne i koła zainteresowań - Miejski Dom Kultury w Szczebrzeszynie
https://www.bukowsko.pl/asp/pl_start.asp?typ=14&sub=5&menu=33&strona=1,Kapela Ludowa Bukowianie - Kultura - Gmina Bukowsko
https://www.ldk.limanowa.pl/pracownia/5/zespol-regionalny-limanowianie-im-ludwika-mordarskiego,"Zespół Regionalny ""Limanowianie"" im. Ludwika Mordarskiego"
https://www.britishpoles.uk/mazury-najstarszy-i-najwiekszy-zespol-ludowy-w-wielkiej-brytanii/,British Poles - Mazury – najstarszy i największy zespół ludowy w Wielkiej Brytanii
https://chdk.chelm.pl/ludowy,Ludowy | Chełmski Dom Kultury
http://uciechow.pl/?page_id=185,Uciechów – Oficjalna strona wsi - Oficjalna strona wsi
"http://www.gokjasienica.pl/index.php/content,634/",GOK Jasienica
http://www.gokgorno.pl/informacje-o-zespolach/gok/gornianecki,"Zespół Śpiewaczy ""Górnianecki"""
https://www.lipowa.pl/kultura-i-turystyka/kultura/regionalny-zespol-piesni-i-tanca-lipowianie,            Regionalny Zespół Pieśni i Tańca „Lipowianie”        
https://dokis.pl/artists/view/kalina---zespol-tanca-ludowego--60,"Kalina - Zespół Tańca Ludowego , Artyści - DOKiS.pl - Dolnośląska kultura i sztuka"
https://ckm.waw.pl/,CKM
https://bielsk.eu/bransk/27266-ludowy-zespol-piesni-i-tanca-skowronki-ma-dokladnie-34-lata-foto,Ludowy Zespół Pieśni i Tańca Skowronki ma dokładnie 34 lata! [FOTO]
https://www.kcynia.pl/zespol-regionalny-paluki.html,HTTP Error 403: Forbidden
http://mazowiacy.com/zespol-mazowiacy/,'NoneType' object has no attribute 'text'
http://www.szczecinianie.org/,Zespół Pieśni i Tańca Szczecinianie
http://www.gokkomorniki.pl/zespol-wokalny-komorniczanie,"Zespół wokalny „KOMORNICZANIE"" | GOK Komorniki"
"https://kobylnica.pl/zespol_ludowy_rajpower,348",Zespół ludowy RajPower
https://www.dynow.pl/dla-mieszkancow/kultura/zespoly/kapela-podworkowa-tonko-kapela-ludowa-od-tonka-/,"Kapela Podwórkowa Tońko, Kapela Ludowa Od Tońka / Zespoły / Kultura / Dla mieszkańców / Miasto Dynów"
https://www.powiat.pszczyna.pl/wiadomosci/6235-zgloszenia-do-xvi-turnieju-zespolow-ludowych,Zgłoszenia do XVI Turnieju Zespołów Ludowych
https://goscieradow.pl/wiadomosci/1/wiadomosc/131437/jubileusz_65__lecia_zespolu_tanca_ludowego_umcs_w_lublinie_im_st,<urlopen error [SSL: CERTIFICATE_VERIFY_FAILED] certificate verify failed: unable to get local issuer certificate (_ssl.c:1108)>
"https://lublin.eu/kultura/instytucje/zespol-piesni-i-tanca-uniwersytetu-przyrodniczego-jawor,3371,w.html",Instytucje Kultury / Kultura / lublin.eu - oficjalny portal miasta Lublin
https://www.ckziuludowpolski.pl/home/o-centrum/kontakt,CKZiU w Ludowie Polskim - KONTAKT
http://lsa.zespolslask.eu/,LSA
http://www.powiat.kolbuszowski.pl/muzea/,Muzea / Kolbuszowa
http://dk.pysznica.pl/aktualnosci-wydarzenia/sukces-zespolu-ludowego-pyszniczanie/,Sukces Zespołu Ludowego „Pyszniczanie” – Dom Kultury w Pysznicy
http://www.fund.pl/index.php/2015-06-17-21-22-38/zespol-chochliki,Zespół Chochliki
https://www.youtube.com/watch?v=O22Nn2E0gNs,Zespół Drimers - Na ludowo - YouTube
http://www.kukuleczka.com.pl/,Fundacja Kukułeczka – popularyzacja polskiej kultury
https://www.parafia.rawa-maz.pl/wystep-zespolu-ludowego-ze-skierniewic-ustronie,Występ zespołu ludowego ze Skierniewic Ustronie!
http://www.wdk.podkarpackie.pl/,Wojewódzki Dom Kultury w Rzeszowie - aktualności
http://zespolpilsko.pl/,Pilsko – Regionalny Zespół Pieśni i Tańca Pilsko z Żywca
https://kocierzew.pl/,Strona główna
http://www.ciechanowiec.pl/,Ciechanowiec - oficjalny serwis miasta
https://www.mbp.swidnica.pl/1375-koncert-zespolu-ludowego-kadzioleczka-zaproszenie,"<urlopen error [SSL: CERTIFICATE_VERIFY_FAILED] certificate verify failed: Hostname mismatch, certificate is not valid for 'www.mbp.swidnica.pl'. (_ssl.c:1108)>"
https://centrum.fm/debiutanci-zespolu-tanca-ludowego-umcs-wystapili-scenie,Debiutanci z Zespołu Tańca Ludowego UMCS wystąpili na scenie - Radio Centrum
"http://splesnica.szkolna.net/n,spotkanie-z-tworca-ludowym-10-05-2016r",Spotkanie z twórcą ludowym - 10. 05. 2016r. - Zespół Szkół w Leśnicy
"https://pracodawcy.pracuj.pl/zespol-tanca-ludowego-pruszkowiacy,666184",Oferty pracy ZESPÓŁ TAŃCA LUDOWEGO PRUSZKOWIACY - pracodawcy.pracuj.pl
http://www.wysokiemazowieckie.pl/,Strona główna
http://www.suprasl.pl/,SUPRAŚL
http://www.malogoszcz.pl/,Aktualności - Urząd Miasta i Gminy w Małogoszczu
"https://www.polskieradio.pl/7/5609/Artykul/2525714,Mistrz-Manole-Radiowa-adaptacja-ludowej-ballady-rumunskiej","""Mistrz Manole"". Radiowa adaptacja ludowej ballady rumuńskiej - Jedynka - polskieradio.pl"
http://www.ugslawno.pl/,Gmina Sławno
https://nikidw.edu.pl/2020/06/06/35-miedzynarodowe-spotkania-folklorystyczne-im-ignacego-wachowiaka-lublin-8-12-lipca-2020/,"35. Międzynarodowe Spotkania Folklorystyczne im. Ignacego Wachowiaka. Lublin, 8-12 lipca 2020 – Narodowy Instytut Kultury i Dziedzictwa Wsi"
https://nikidw.edu.pl/2020/06/04/35-miedzywojewodzki-sejmik-wiejskich-zespolow-teatralnych-bukowina-tatrzanska-4-5-lipca-2020/,"35. Międzywojewódzki Sejmik Wiejskich Zespołów Teatralnych. Bukowina Tatrzańska,  4-5 lipca 2020 – Narodowy Instytut Kultury i Dziedzictwa Wsi"
https://nowinynyskie.com.pl/artykul/polityczny-zespol-downa/1010317,Polityczny Zespół Downa Nysa | nowinynyskie.com.pl 
http://zaglebie.eu/,Oficjalna strona Klubu Piłkarskiego Zagłębie Sosnowiec - Oficjalna strona Klubu Piłkarskiego Zagłębie Sosnowiec
https://skaryszew.pl/,<urlopen error [SSL: CERTIFICATE_VERIFY_FAILED] certificate verify failed: unable to get local issuer certificate (_ssl.c:1108)>
http://www.glogow-mlp.pl/,Start
https://sportdziennik.com/zaglebie-sosnowiec-stomil-olsztyn-relacja/,Zagłębie Sosnowiec – Stomil Olsztyn w Fortuna I lidze [RELACJA]
http://szok.info.pl/2020/06/05/,  2020  Czerwiec  05
https://www.nieborow.pl/,UG Nieborów
"https://rudaslaska.com.pl/i,zespol-piesni-i-tanca-rudzianie-obchodzi-35-lecie-istnienia,200274,1415101.html",Zespół Pieśni i Tańca Rudzianie obchodzi 35-lecie istnienia!  - Ruda Śląska informacje
"https://sosnowiec.wyborcza.pl/sosnowiec/7,93867,26010621,zaglebie-sosnowiec-lepsze-od-stomilu-olsztyn-filip-karbowy.html",Wyborcza.pl
https://zw.lt/wilno-wilenszczyzna/jolanta-prowlocka-z-zespolu-art-of-music-chcielismy-zlozyc-muzyczne-podziekowania-dla-kraju/,Jolanta Prowłocka z zespołu Art of Music: Chcieliśmy złożyć muzyczne podziękowania dla kraju - Wiadomości Znad Wilii
https://24tp.pl/n/69191,[24tp.pl] Kolberg dla Zornicy
https://wrotapodlasia.pl/pl/kultura/kultura_sztuka/opera_i_filharmonia_podlaska/oifp-koncert-zespolu-ars-iuvenum.html,OiFP. Koncert online zespołu Ars Iuvenum - Wrota Podlasia
"https://www.slowopodlasia.pl/wiadomosci/9997,parczew-swieto-miasta-pod-znakiem-zapytania",Parczew: Święto miasta pod znakiem zapytania - Słowo Podlasia
https://kocham.wielun.pl/kultura/2020/05/30/promocja-w-bibliotece-powiatowej-tomiku-pauliny-wyrebak-gworzom-ptoki-szumiom-drzewa/,"Promocja w bibliotece powiatowej tomiku „Gworzom ptoki, szumiom drzewa” Pauliny Wyrębak  |    Kocham Wieluń: wiadomości i ciekawostki z Wielunia i okolic "
https://wama-sport.pl/aktualnosci/koszykowka/wama-sport-historia-olsztyn-bez-meskiego-basketu-w-lidze-urlop-dziekanski-akademikow-w-elblagu-odetchneli,Wama-Sport
https://witrynawiejska.org.pl/dziedzictwo-kulturowe/wydarzenia/item/53164-57-tydzien-kultury-beskidzkiej,Witryna Wiejska - 57. Tydzień Kultury Beskidzkiej
https://wpolityce.pl/polityka/503673-zmarl-jozef-gruszka-wieloletni-posel-na-sejm-z-psl,"Zmarł Józef Gruszka, wieloletni poseł na Sejm z Polskiego Stronnictwa Ludowego. Miał 73 lata. Był szefem komisji ds. Orlenu"
https://przyszowice.edu.pl/index.php/o-szkole,Zespół Szkolno - Przedszkolny w Przyszowicach - O Szkole
http://zbiam.pl/mrap-y-toufan-w-iraku/,MRAP-y Toufan w Iraku | Wydawnictwo militarne ZBIAM
http://ok.wieliszew.pl/index.php?cmd=zawartosc&opt=pokaz&id=34,Zesp Taca Ludowego PROMYKI - Orodek Kultury w Wieliszewie
https://www.mdkgal.edu.pl/2020/06/uwaga-oboz-judo/,<urlopen error timed out>
https://www.bielsko.info/wiadomosci/23397-57-tydzien-kultury-beskidzkiej-online-i-w-plenerze-bielsko-biala,bielsko.info: 57. Tydzień Kultury Beskidzkiej online i w plenerze - Bielsko-Biała
"https://go.tvn24.pl/programy,7/wybory-prezydenckie-2020-odcinki,234192/odcinek-392,S00E392,305830","Wybory prezydenckie 2020: Spotkanie wyborcze Władysława Kosiniaka-Kamysza w Tarnowie 6.06.2020, materiał oglądaj przez internet na TVN24 GO"
http://polskawies24.pl/xxix-targi-rolniczo-ogrodnicze-koscierzyn-2019-25-i-26-maja/,XXIX Targi Rolniczo-Ogrodnicze Kościerzyn 2019 25 i 26 maja - PolskaWies24.pl
https://www.teatrstudio.pl/pl/aktualnosci/open-studios,Open Studios - STUDIO
https://wiadomoscilublin.pl/20200606318076/powiat-lublin-przyznano-nagrody-sportowe-i-artystyczne1591402567,Powiat Lublin: Przyznano nagrody sportowe i artystyczne - Wiadomości Lublin
"https://www.polskieradio24.pl/5/1222/Artykul/2526879,Zmarl-Jozef-Gruszka-wieloletni-posel-PSL","Zmarł Józef Gruszka, wieloletni poseł PSL - Wiadomości - polskieradio24.pl"
https://powiatlubaczowski.pl/zespol-ludowy-sonina-z-grand-prix-przegladu-watki-folkloru-ludowego/,"Zespół ludowy Sonina z Grand Prix Przeglądu ""Wątki folkloru ludowego"" - Powiat Lubaczowski"
http://www.jaw.pl/2020/06/historia-jeziorek-cz-xxii-kolo-gospodyn-wiejskich-do-roku-1989/,Historia Jeziorek – cz. XXII – Koło Gospodyń Wiejskich do roku 1989 | Jaworznicki Portal Społecznościowy - jaw.pl | Jaworzno
https://www.polsatsport.pl/wiadomosc/2020-06-07/fortuna-1-liga-zaglebie-sosnowiec-stomil-olsztyn-transmisja-w-polsacie-sport/,Fortuna 1 Liga: Zagłębie Sosnowiec – Stomil Olsztyn. Transmisja w Polsacie Sport - Polsat Sport
https://zpit.pl/kontakt/,Kontakt – Zespół Pieśni i Tańca
https://gol24.pl/trener-tomasz-tulacz-szczerze-po-meczu-w-mielcu-punkty-ze-stala-zawsze-sa-dla-mnie-satysfakcja/ar/c2-15012838,Trener Tomasz Tułacz szczerze po meczu w Mielcu: Punkty ze Stalą zawsze są dla mnie satysfakcją  | Gol24
https://silesia24.pl/wiadomosci/szczegoly/57-tydzien-kultury-beskidzkiej-odbedzie-sie-glownie-online-14058,57. Tydzień Kultury Beskidzkiej odbędzie się głównie online - Silesia24.pl
https://godzinyotwarcia24.pl/Zesp%C3%B3%C5%82-Ta%C5%84ca-Ludowego-Mali-Gorzowiacy-M%C5%82odzie%C5%BCowy-Dom-Kultury-Gorz%C3%B3w-R9DpGQ,"ᐅ Godziny otwarcia „Zespół Tańca Ludowego ""Mali Gorzowiacy"" Młodzieżowy Dom Kultury“ | Teatralna 8 w Gorzów Wielkopolski"
https://warsawinstitute.org/pl/podsumowanie-hong-kong-peoples-revolution-party/,Hong Kong – the people’s revolution against the Party
https://folkowisko.gorajec.info/,Stowarzyszenie Folkowisko
http://leksykonkultury.ceik.eu/index.php/Zesp%C3%B3%C5%82_Ludowy_Ster%C5%82awiacy_ze_Ster%C5%82awek_Wielkich,Zespół Ludowy Sterławiacy ze Sterławek Wielkich – LEKSYKON KULTURY WARMII I MAZUR
https://www.radio.rzeszow.pl/,Polskie Radio Rzeszów
https://www.senat.gov.pl/,Senat Rzeczypospolitej Polskiej
http://www.goksezam.pl/template/zespo%C5%82y-artystyczne/zpit-lusowiacy.html,Gminny Ośrodek Kultury SEZAM - ZPiT Lusowiacy
http://www.ludowamuzyka.pl/ct-menu-item-3,Kontakt
http://www.agencjawinda.pl/boys.php,Boys disco polo przeboje kontakt 601 767 059 koncert zesp telefon
