http://www.folkemusikkijostedal.no/,Heim - JOSTEDAL SPEL OG DANSARLAG,1
https://bg-bg.facebook.com/pages/category/Community-Organization/Kvemmingen-spel-og-dansarlag-191079634599573/about/,Kvemmingen spel og dansarlag - Информация | Facebook,2
https://lhmrspel.tumblr.com/kontakt,Lillehammer Spel og Dansarlag — Kontakt,3
https://opp.no/2010/02/nyheter/hjemmeseier-for-spell-og-dansarlaget/,Hjemmeseier for Spell- og dansarlaget,4
https://folkorg.no/arets-lokallag-2017-er-vaga-spel-og-dansarlag/,Årets lokallag 2017 er Vågå spel- og dansarlag - FolkOrg,5
https://www.fjuken.no/Nyheiter/2019/01/26/Minneg%C3%A5ve-til-rekrutteringsarbeid-i-spel-og-dansarlaget-18323454.ece,Minnegåve til rekrutteringsarbeid i spel- og dansarlaget - Fjuken,6
https://folkrekrutt.no/program/,Program - Folkrekrutt,7
http://www.luster.kommune.no/instrumentproevedag.5193427-256046.html,Instrumentprøvedag - Luster kommune,8
https://www.luster.kommune.no/17-mai.5214326-256046.html,,9,ERROR: <urlopen error [SSL: CERTIFICATE_VERIFY_FAILED] certificate verify failed: unable to get local issuer certificate (_ssl.c:1108)>
http://xn--vgleve-iuab.no/portrett-kjaersti-gangso/,Portrett Kjærsti Gangsø - Vågåleve,10
https://www.hf.no/kultur/konsert-i-feleverkstad/,Konsert i feleverkstad,11
https://www.omniproky.com/docs/bc0q05.php?c65299=prag-p%C3%A5-h%C3%B6sten,,12,ERROR: HTTP Error 404: Not Found
https://www.kongsberg.kommune.no/innhold/kultur-og-fritid/frivilligsentralen-i-kongsberg2/,Frivilligsentralen i Kongsberg - Kongsberg kommune,13
https://valdreskvelven.no/melding/aarsm86.pdf,,14,ERROR: 'NoneType' object has no attribute 'text'
https://ingegjevre.no/index.php/9-uncategorised?start=14,Uncategorised,15
https://www.opdalingen.no/nyheter/2008/05/16/P%C3%A5-jakt-etter-frivillige-12479334.ece,På jakt etter frivillige - Opdalingen,16
https://www.folkemusikk.no/setesdalskulturen-kan-hamne-pa-unesco-liste/,Setesdalskulturen kan hamne på UNESCO-liste - Folkemusikk,17
https://www.bergteken.no/category/segn/,,18,ERROR: HTTP Error 403: Bad Behavior
http://hilme.custompublish.com/getfile.php/1879178.1893.sdwedcuupp/Lol+2012-1.pdf,,19,ERROR: cannot unpack non-iterable NoneType object
http://folkemusikk.custompublish.com/400-friviljuge.5076400.html,400 friviljuge,20
http://www.kongsberg-spelogdans.no/Insiktavtale.pdf,,21,ERROR: 'NoneType' object has no attribute 'text'
http://xn--margaretasrenson-vwb.se/category/scenkonst/page/13/,Scenkonst – Sida 13 – Margareta Sörenson,22
https://www.sel.kommune.no/_f/p1/i2c414faa-dad5-4caa-a8b0-506a28a745bc/kulturskuleplan-2020-2023.pdf,,23,ERROR: 'NoneType' object has no attribute 'text'
https://gudbrandsdalsmusea.no/files/%C3%A5rsrapport-Gudbrandsdalsmusea-2015.pdf,,24,ERROR: 'NoneType' object has no attribute 'text'
https://kirken.no/globalassets/fellesrad/dovre/dokumenter/arsrapport-2015-med-bilder.pdf,,25,ERROR: 'NoneType' object has no attribute 'text'
https://eies.wordpress.com/2008/12/06/avsl%C3%B8ring-og-oppsummering-av-folkemusikkdebatten/,,26,ERROR: Remote end closed connection without response
http://www.gransheradhistorielag.com/431666102,Årsmøtet. - www.gransheradhistorielag.com,27
https://hardingfela.no/wp-content/uploads/sites/11/2019/01/Folkedans-i-Hordaland-.pdf,,28,ERROR: 'NoneType' object has no attribute 'text'
https://folkemusikkogfolkedans.squarespace.com/s/aarsmelding_rff_2010.pdf,,29,ERROR: 'NoneType' object has no attribute 'text'
https://www.bt.se/okategoriserade/innebandy-halvtid-i-ssl-sa-har-det-gatt-for-sjuharingarna/,Innebandy: Halvtid i SSL – så har det gått för sjuhäringarna - BT,30
https://mylder.no/finn/ynskte,Ynskte - Mylder.no,31
http://torvikbygd.no/lag/samla/utskrift_lagsplakat.asp?lagsid=181&lagsnamn=Kvemmingen%20Spel%20og%20Dansarlag,,32,ERROR: <urlopen error timed out>
https://trollhallingen.com/2019/07/13/til-minne-om-leif-rygg-og-ara-hans-i-hallingdal-1967-1971/,,33,ERROR: Remote end closed connection without response
http://www.hunn.no/pdf/bergtrollet_nr1_2007.pdf,,34,ERROR: 'NoneType' object has no attribute 'text'
https://issuu.com/bergtrollet/docs/bergtrollet_nr1_2009,bergtrollet_nr1_2009 by Morten Hunn - Issuu,35
https://issuu.com/jostedalhistorielag/docs/jsa_13_1983-84,"Jostedal skule- og bygdeavis (13), nr. 1 1983/84 by Jostedal historielag - Issuu",36
https://www.hallingdolen.no/kultur/i-ar-slar-arrangoren-pa-stortromma/,I år slår arrangøren på stortromma,37
https://www.dansportalen.se/111/-fler-artiklar/nyhetsarkiv/2010-11-19-kopenhamn-erik-aschengreen---doktor-dans.html,Köpenhamn: Erik Aschengreen – Doktor Dans - DANSPORTALEN,38
https://docplayer.me/11284341-Nummer-1-mars-2012-argang-22.html,Nummer 1 Mars 2012 Årgang 22 - PDF Gratis nedlasting,39
http://www.folkedans.com/innhald_meir1/innhald_meir_2008.htm,Nyheter meir 2008,40
https://www.yumpu.com/no/document/view/23922634/arsrapport-2012-kongsberg-kommune,Årsrapport 2012 - Kongsberg Kommune,41
http://vaagaa-historielag.org/jutulen./jutulen2016nett.pdf,,42,ERROR: 'NoneType' object has no attribute 'text'
http://knivgvasst.blogspot.com/2008/,Lokalt frå Numedal: 2008,43
https://vdocuments.mx/document/bankmagasinet-012009-sparebanken-hallingdal.html,Bankmagasinet 01.2009 Sparebanken Hallingdal - [PDF Document],44
https://mappno.com/kvemmingen-spel-og-dansarlag-i791471.html,Kvemmingen spel og dansarlag - Øystese,45
http://www.pressen.se/1742976.html,Christian drömmer om en jul hemma - Pressen.se,46
https://3600.no/kulturskolens-nye-orgelklubb/img_3780/,IMG_3780 - Nettmagasinet 3600.no,47
https://3600.no/kulturskolens-nye-orgelklubb/,Kulturskolens nye orgelklubb! - Nettmagasinet 3600.no,48
https://slideum.com/doc/4703593/biografi-over-folkemusikarar-og-%E2%80%93dansarar-i-numedal,Biografi over folkemusikarar og –dansarar i Numedal | slideum.com,49
http://spotidoc.com/doc/2825335/50-%C3%A5r---hefte---valdreskvelven,50 år - hefte - Valdreskvelven,50
https://spotidoc.com/doc/2831678/trykk-her----bul-kongsberg,Trykk her! - BUL Kongsberg,51
