http://www.gruppofolkmoffa.com/contatti.html,,1,ERROR: HTTP Error 999: AW Special Error
http://www.gruppofolkcastellotesino.it/contatti.html,Contatti - Gruppo Folk di Castello Tesino,2
http://www.gruppofolk.it/contatti/71-uncategorised,Contatti,3
http://www.gruppofolk.it/contatti,Contatti,4
http://www.figulinas.it/contatti/,Associazione Culturale Gruppo Folk Figulinas: Contatti,5
http://www.cittadicustonaci.it/gruppo-folk-cala-bukutu/58-contatti-gruppo-folk-cala-bukutu,Custonaci portale sulla Città Internazionale dei Marmi - CIVITAS MARIAE - - Contatti Gruppo Folk Cala Bukutu,6
http://www.gruppofolcloristicotrevigiano.com/wp/contatti/,Contatti – Gruppo Folkloristico Trevigiano,7
http://www.gruppofolkdolianova.com/contatti.php,"Contatti - Gruppo Folk ""Citt di Dolianova""",8
http://www.folkbosino.org/contatti.html,,9,ERROR: HTTP Error 999: AW Special Error
http://www.gruppofolkgrosio.com/contatti.html,"Gruppo Folk ""La Tradizion"" Grosio  - Contatti",10
http://www.gruppofolkcittaiglesias.it/wp/?p=165,,11,ERROR: timed out
https://www.gruppofolkmezzano.it/contatti/,Gruppo Folkloristico di Mezzano :: Contatti,12
http://grupporevinot.altervista.org/contatti/,Contatti/Associazione Gruppo Folkloristico Revinot,13
http://www.gruppofolkloristicoarconatese.it/contatti.html,,14,ERROR: HTTP Error 999: AW Special Error
https://www.gruppofolkcesio.it/it/contatti,GRUPPO FOLKLORICO DI CESIOMAGGIORE - CONTATTI,15
https://laclicca.com/contatti-2/,,16,ERROR: Remote end closed connection without response
http://www.comune.nuoro.it/media/downloads/SagraRedentore/2015/Redentore2015_GruppiFolk.pdf,,17,ERROR: 'NoneType' object has no attribute 'text'
https://www.trentinofamiglia.it/Punti-di-contatto-organizzazioni-esterne/GRUPPO-FOLK-CARANO,GRUPPO FOLK CARANO / Punti di contatto organizzazioni esterne / Trentino Famiglia - Trentino famiglia,18
https://www.comune.courmayeur.ao.it/vivere-il-territorio/associazionismo/gruppo-folkloristico-les-badochys,Gruppo folkloristico Les Badochys,19
https://www.gruppofolkloristicocittadiagrigento.it/contatti/,,20,ERROR: The read operation timed out
http://www.gruppofolkbarigazzo.com/contatti/,Contatti – Gröpp Fulkluristik ad Barigaza,21
http://www.prolocouta.it/ita/index-gruppofolk.asp,Gruppo Folk di Uta,22
https://narami.jimdofree.com/contatti-gruppo/,Contatti - gruppo folk Sardo narami JimdoPage!,23
http://www.comune.siniscola.nu.it/servizi/canali/1040?aor=desc,            Canali tematici                        | Comune di Siniscola                        ,24
http://www.prolocoiglesias.it/gruppo-folk-is-meurreddus/,"Gruppo folk ""Is Meurreddus"" - Pro Loco Iglesias",25
http://bandapassons.it/gfp/contatti/,Contatti - Gruppo Folkloristico di Passons,26
https://rezija.com/it/gruppo-folkloristico-val-resia/chi-siamo/,Gruppo folkloristico Val Resia - Chi siamo | Val Resia,27
https://www.ortobene.it/sezione_6.htm,"Contattaci - Gruppo Folk Ortobene Nuoro, Sardegna, Italia",28
http://www.sorrentofolk.it/contatti.php,Contatti Sorrento Folk,29
https://www.jammway.it/orevotapolo/,"O'Revotapopolo un gruppo folk ""fai da te"" Jammway.it",30
http://horenak.belohrad.net/it/kontakt.html,Gruppo folkloristico Hořeňák - Contatti,31
http://www.appenninomodenese.net/apmo/index.cfm?event=page&qpTemaID=0&qpTAS3=70205&qpgeo3=10070&qpNEWS_ID=3469&qpParolaChiave=&qpPeriodoID=0&qpOrderBy=&qpRowNro=7,Appennino Modenese - Scheda,32
https://www.comune.irgoli.nu.it/index.php/vivere/cultura/20,            Associazioni culturali e sportive                        | Comune di Irgoli                        ,33
http://www.gruppofolk2000.it/folk%20-%20contatti.htm,:: Gruppo Folk 2000 ::,34
http://www.gruppofolkcanazei.com/contatti/,Contatti | Gruppo Folk Canazei,35
http://www.chinoermacora.it/Chino_Ermacora/Contatti.html,,36,ERROR: HTTP Error 999: AW Special Error
http://www.gruppofolkollolai.it/contatti,,37,ERROR: timed out
http://www.siciliabedda.it/ita/contatti.html,"Gruppo Folkloristico ""SICILIA BEDDA"" - Contatti",38
https://www.youtube.com/watch?v=0PJjjjbuWkM,Gruppo folk Sicilia Bedda Junior (presentazione e contatti) - YouTube,39
http://www.alberobellofolklore.it/,Alberobello Folklore Gruppo Folkloristico Citta' dei Trulli,40
https://it-it.facebook.com/GRUPPO-FOLK-ITALIANO-alla-Casadei-della-Scuola-di-Ballo-Malpassi-44539846425/about/,GRUPPO FOLK ITALIANO 'alla Casadei' della Scuola di Ballo Malpassi - Informazioni | Facebook,41
http://www.insiemepercaso.com/contatti.html,Insieme per caso - gruppo folk di zocca - contatti,42
http://www.arlecchinobergamasco.it/contatti.asp,,43,ERROR: HTTP Error 999: AW Special Error
http://www.macina.net/,LA MACINA Gruppo di ricerca e canto popolare ,44
http://folkcampidano.it/info.html,,45,ERROR: <urlopen error [Errno -2] Name or service not known>
https://www.folktempio.it/,,46,ERROR: The read operation timed out
http://www.folkpiemonte.it/grupporododendro.html,Gruppo Folk-Corale “Rododendro”,47
https://apacchianeddrasansustisa.wordpress.com/contatti/,,48,ERROR: Remote end closed connection without response
http://www.miss48.it/contatti.html,,49,ERROR: HTTP Error 999: AW Special Error
http://www.ritminfolk.it/1/contatti_1208272.html,CONTATTI                  | RITMINFOLK ,50
http://www.comunelaconi.gov.it/servizio/128,            Gruppo folk “Franciscu Lai”                        | Comune di Laconi                        ,51
https://www.comune.macomer.nu.it/turismo/associazione-folk-tradizioni-popolari-di-macomer/,            Comune di Macomer            Associazione Folk Tradizioni Popolari di Macomer |         ,52
http://www.gruppofolknaxos.it/20.html,Contatti          ,53
https://www.quartetfolk.com/contatti,Quartet Folk | Contatti | Musica Siciliana,54
http://www.tottusinpari.it/2015/09/24/sas-bonorvesas-un-gruppo-folk-tutto-al-femminile/,SAS BONORVESAS: UN GRUPPO FOLK TUTTO AL FEMMINILE – tottus in pari,55
https://www.borgosesiafolk.it/,Gruppo Folkloristico Città di Borgosesia – Borgosesiafolk.it,56
http://folksapedrabianca.altervista.org/contatti/,"Contatti | Gruppo folk ""Sant'Elia""",57
http://www.agerolafolk.it/contatti-agerola-folk/,Contact page - Gruppo Folk Agerola,58
https://www.federcircoli.it/associazioni/gruppo-folkloristico-vecchia-rendena/,Gruppo Folkloristico Vecchia Rendena – Federcircoli,59
http://www.folklorica.it/ufi/index.php/it/gruppi/userslist/Gruppi?limit=30&start=60,Gruppi,60
http://www.gruppofolklafontana.com/contatti/,La Fontana  »  Contatti,61
https://www.comune.monti.ss.it/index.php/vivere/cultura/43,            Gruppo Folk San Paolo di Monti e Mini folk Balari                        | Comune di Monti                        ,62
http://209.227.251.140/gruppo.html,Il Gruppo Folkloristico Canazei - contatti e programmi,63
http://www.gruppofolktaormina.it/contattaci/contatti/carmelo-pellitteri,Carmelo Pellitteri - Gruppo Folk Taormina,64
http://www.travenzoliandfriends.it/contatti-ed-ingaggio.html,,65,ERROR: HTTP Error 999: AW Special Error
https://it.wikipedia.org/wiki/I_Girasoli,I Girasoli - Wikipedia,66
https://gruppobellacapri.it/contattaci/,Contattaci – Gruppo Folkloristico Bella Capri,67
http://www.agugliastra.it/cultura-tradizione-in-ogliastra/folklore/item/3738-gruppo-folk-villagrande-strisaili.html,Gruppo Folk Villagrande Strisaili,68
http://www.gruppofolkpavullese.it/aaa/index2.php,Gruppo Folkloristico Pavullese : Home,69
http://www.gruppofolkpilar.it/Contatti.htm,Gruppo Folk Pilar Villamassargia,70
http://www.gruppofolcloristicodozzese.it/,Corpo Bandistico Folkloristico Dozzese folklore e tradizioni,71
http://www.gruppofolkipaggetti.it/paggetti_021.htm,,72,ERROR: HTTP Error 999: AW Special Error
http://www.ipicciottidimataro.it/contattaci.aspx,,73,ERROR: HTTP Error 999: AW Special Error
https://originicontadine.weebly.com/contatti.html,"Gruppo Folkloristico ""Gli amanti delle origini contadine"" - CONTATTI",74
http://www.comunemottasg.it/index.php/il-paese-3/servizi-al-cittadino/circoli-e-associazioni/75-servizi-al-cittadino/pagine-associazioni/180-gruppo-folkloristico-qlazzaroq,"Gruppo Folklorico ""Lazzaro""",75
https://www.thebeat.it/artist/orchestraccia/,,76,ERROR: The read operation timed out
http://santamariabambinanule.altervista.org/contatti.html,Contatti - Gruppo Folk Santa Maria Bambina di Nule,77
http://www.shqiponjat.it/contatti/,  Contatti,78
https://gruppo-folk-santa-sofia-tertenia.webnode.it/contatti/,Contatti :: Gruppo-folk-santa-sofia-tertenia,79
https://www.comune.cingoli.mc.it/info-e-servizi-cms/gruppo-folkloristico-balcone-delle-marche/?a=,Gruppo Folkloristico “Balcone Delle Marche” | Comune di Cingoli,80
https://www.italiacori.it/gruppo-folk-die-walser-im-land-alagnavalsesia,Gruppo Folk Die Walser im Land,81
http://www.vallidelbitto.it/ibarilocc.html,"Gruppo folk ""I Barilocc"" - Comune di Albaredo per San Marco",82
http://www.agillaetrasimeno.it/contatti.php,Contatti | Gruppo Folcloristico Agilla e Trasimeno - Castiglione del Lago,83
https://www.comune.armeno.no.it/it-it/vivere-il-comune/associazioni-enti/gruppo-folkloristico-mottarone-avvocato-fiorito-23077-1-0771f3c54d793b96950431a4d3e1f2bb,"Gruppo Folkloristico Mottarone ""Avvocato Fiorito"" - Comune di Armeno  ",84
http://www.comune.villaurbana.or.it/vivere/cultura/40,            Folklore. Associazione Culturale di tradizioni popolari 'Biddobrana'.                        | Comune di Villaurbana                        ,85
http://www.prolocoterrasini.it/contatti.html,,86,ERROR: HTTP Error 999: AW Special Error
http://rumaccature.altervista.org/it/ru-maccature,Contatti,87
http://www.damatrafolk.it/contacts/,,88,ERROR: HTTP Error 999: AW Special Error
https://comune.mazze.to.it/il-comune/associazioni/,"Associazioni Comune di Mazzè Torino, Contatti associazioni Comune di Mazzè",89
http://www.folksannicolasassari.it/,Gruppo Folk San Nicola di Sassari,90
https://www.sardegnalive.net/news/in-sardegna/15254/sassari-66-edizione-della-cavalcata-sarda-ordine-di-sfilata-dei-gruppi-folk-partecipanti,,91,ERROR: The read operation timed out
http://web.tiscali.it/sciarak/contatti.html,Untitled Document,92
https://www.comune.ploaghe.ss.it/pg/centro-sociale/57,Centro Sociale,93
http://www.cascinaroccafranca.it/contacts/,Contatti  |  Cascina Roccafranca,94
http://www.cisalpipers.net/,Cisalpipers – Original Folk music,95
http://www.aggiuscomunitaospitale.it/associazioni/associazione-gruppo-folk-aggius/,,96,ERROR: timed out
http://www.tuttoalberobello.it/it/pagina.asp?a=Cultura-Arte&p=Folklore,Gruppo Folkloristico Citt dei Trulli Alberobello,97
http://www.associazioneculturalealdoschettini.it/contatti.asp,,98,ERROR: HTTP Error 999: AW Special Error
http://www.iturapitto.it/index.php/2011-05-02-12-33-35,,99,ERROR: 'NoneType' object has no attribute 'text'
https://www.radiopuntozero.it/elena-gruppo-folkloristico-stelutis-di-udine/,Elena Gruppo Folkloristico Stelutis Di Udine | Radio Punto Zero Tre Venezie,100
http://www.gruppofolkigirasoli.it/contatti.php,,101,ERROR: timed out
http://www.vecchiarella.it/,,102,ERROR: HTTP Error 999: AW Special Error
http://www.vecchiarella.it/contatti.html,,103,ERROR: HTTP Error 999: AW Special Error
https://www.lovevda.it/it/banca-dati/9/gruppi-folcloristici-bande-corali/cogne/gruppo-folcloristico-lou-tintamaro-de-cogne/639,Gruppo Folcloristico Lou Tintamaro de Cogne | Valle d'Aosta,104
https://www.igiullaridel2000.it/specialita-dell-associazione-artisti-di-strada/spettacoli-gruppi-folcloristici/gruppo-tarantella,"Gruppo Folk ""Tarantella Show"" - Artisti di Strada I Giullari del 2000",105
https://www.comune.bottanuco.bg.it/vivere-citta/associazioni/gruppo-folkloristico-sifoi,"Gruppo Folkloristico ""I SIFOI"" | Comune di Bottanuco",106
http://lemondineeventi.altervista.org/,LE MONDINE,107
http://www.zigzaghini.it/contatti,zigzaghini.it - Contatti,108
http://www.comune.alagnavalsesia.vc.it/,Comune di Alagna Valsesia- Home Page,109
http://www.gruppofolkilegar.flazio.com/it/DOVE%20SIAMO,Gruppo Folk I Legar - Gruppo Folk I Legar,110
https://www.cultura.trentino.it/Appuntamenti/C-e-folk-e-folk12,  C'è folk e folk - Trentino Cultura,111
http://www.sardaracomunitaospitale.it/gruppo_folk_santa_maria_acquas,Gruppo folk Santa Maria Acquas - Sardara,112
https://www.ciociariaturismo.it/it/eventi/archivio-eventi/2019/item/943-49%C2%B0-festival-internazionale-del-folklore-alatri-2019.html,49° Festival Internazionale del Folklore: Alatri dal 13 al 15 Agosto 2019,113
http://www.comune.noci.ba.it/index.php/albo-delle-associazioni,Albo delle Associazioni - Sito istituzionale del Comune di Noci,114
http://www.licecaface.it/contact-image/,Gruppo Folkloristico Marchigiano  –  Contatti,115
https://www.comune.simaxis.or.it/gallerie/galleria-fotografica/349-gruppo-folk-san-simmaco,Comune di Simaxis - Gruppo Folk San Simmaco,116
http://www.ballerini-frustatori-citta-di-vignola.it/styled-5/,,117,ERROR: HTTP Error 999: AW Special Error
http://www.plodn.info/contatti.php,Isola Linguistica Germanofona - Sappada Plodn -,118
http://www.nzegna.it/www.nzegna.it/CONTATTI.html,CONTATTI,119
https://grupposilefolk.it/,,120,ERROR: The read operation timed out
http://www.comune.cardeto.rc.it/index.php?action=index&p=375,Contatti Amministrazione - Comune di Cardeto,121
https://www.scholaaquileiensis.it/home/contatti.html,Contatti,122
https://www.tradizionipopolariaulos.com/,"Gruppo Folk Sicilia - Aulos, centro ricerche Folklore Siciliano - Centro ricerche tradizioni popolari - Musica Siciliana ",123
http://www.folkoliena.it/ITA/contatti.htm,Su Gologone - Contatti,124
http://www.aviglianonline.eu/audio.asp,,125,ERROR: HTTP Error 999: AW Special Error
https://www.bandamusicale.it/bande/italia/marche/pesaro-urbino/candelara/candelara.php,Complesso Bandistico e Gruppo Folkloristico di Candelara - Candelara di Pesaro (PU),126
http://folkquartet.com/contact/,Contatti – Folk Quartet,127
https://www.icguarino.edu.it/la-scuola/contatti/,Contatti – IC Gaetano Guarino,128
https://www.imolafolklore.com/contatti/,,129,ERROR: The read operation timed out
https://www.mepekebarba.it/,,130,ERROR: The read operation timed out
http://www.giumaria.it/,,131,ERROR: timed out
https://www.eccellenzecalabresi.it/gruppi-folk-calabresi/,Gruppi folk calabresi - Eccellenze Calabresi,132
https://prolocomamoiada.it/membership/,CONTATTI – Pro Loco Mamoiada,133
http://www.forinofolkfest.it/home%20page.html,Forino Folk Festival - Forino Folk Festival,134
http://www.comune.viu.to.it/it-it/vivere-il-comune/associazioni-enti/gruppo-folkloristico-di-viu-40830-1-2b0bf340062ba326f8096a119f96a30a,Gruppo Folkloristico di Viu' - Comune di Viù  ,135
https://www.bandaquaderni.it/contatti/,,136,ERROR: The read operation timed out
http://gruppofolksenis.blogspot.com/2013/06/blog-post_6.html,GRUPPO FOLK PROLOCO SENIS: FOTO CON CONTATTI,137
https://www.ilsecoloxix.it/eventi/2018/12/28/news/tradizione-e-canti-con-il-gruppo-folkloristico-citta-di-genova-1.30620643,Tradizione e canti con il Gruppo Folkloristico Città di Genova - Il Secolo XIX ,138
http://www.manghinemanghina.it/gruppo/contatti.htm,contcentro,139
http://www.comune.trontano.vb.it/it-it/vivere-il-comune/associazioni-enti,Associazioni ed enti - Comune di Trontano  ,140
https://nosracines.net/gruppi-musicali/gruppo-folkloristico-di-gressoney/,,141,ERROR: Remote end closed connection without response
http://www.trigomigo.com/,"trigomigo.com – musica tradizionale, traditional italian music",142
https://www.icgaglionecapodrise.gov.it/wp/contatti/,,143,ERROR: The read operation timed out
http://www.danzerini.it/Contact/contact_ita.htm,Danzerini di Lucinico - Contatto,144
http://www.tecuting.it/c058071/ev/hh_anteprima_argomento_home.php?idservizio=10014&idtesto=14,Comune di Nerola,145
http://www.orevotapopolo.it/contattaci,  Contattaci  Gruppo Folk Internazionale O' Revotapopolo,146
https://www.scialapopolocapri.it/,Scialapopolo,147
https://www.libreriasanfrancesco.com/prodotto/il-gruppo-folkloristico-di-castrovillari-di-aldo-schettini/,,148,ERROR: The read operation timed out
http://www.liuccifestival.it/wp-content/uploads/2016/03/contest-Folk-e-World-20161.pdf,,149,ERROR: 'NoneType' object has no attribute 'text'
http://www.comune.beuracardezza.vb.it/it-it/vivere-il-comune/associazioni-enti/gruppo-folkloristico-i-stciupatell-19005-1-3f06d8cf5332eea9cd58562ae46c621b,"Gruppo Folkloristico ""I Stciupatell"" - Comune di Beura-Cardezza  ",150
https://www.comune.ittiri.ss.it/associazioni/?page=3,Associazioni,151
https://www.castion-belluno.it/presenti-tutto-lanno/gruppo-folcloristico-nevegal/,,152,ERROR: The read operation timed out
https://www.prolocolamon.it/it/pro-loco-e-associazioni/volontariato-lamonese.html,Volontariato Lamonese,153
https://www.comune.locana.to.it/it-it/vivere-il-comune/associazioni-enti/gruppo-folk-locana-34786-1-e1d0a531e5443c1df86067f6033bf99a,Gruppo Folk Locana - Comune di Locana  ,154
https://comune.assemini.ca.it/vivere-assemini/associazioni/associazioni-culturali,Associazioni culturali | Comune di Assemini,155
https://www.ballareviaggiando.it/protagonisti/312-dalla-sardegna-il-gruppo-folk-uliana.html,"Sardegna, i canti e le danze del gruppo Folk Uliana",156
http://www.arianofolkfestival.it/,Home - Ariano Folkfestival 2019,157
https://www.ittiricannedu.it/,Associazione Culturale e Folklorica Ittiri Cannedu,158
http://www.pattinaggiorobur.it/contatti.html,,159,ERROR: HTTP Error 999: AW Special Error
https://tuttoggi.info/punta-sui-giovani-il-rilancio-del-gruppo-folk-canti-popolari-umbri-di-marsciano-foto/114347/,"Punta sui giovani il rilancio del Gruppo Folk ""Canti Popolari Umbri"" di Marsciano (Foto) - Tuttoggi",160
https://www.gruppofolkndrezzata.com/,La 'Ndrezzata,161
http://www.appennino4p.it/gruppi,Dove comincia l'Appennino. Gruppi musicali,162
https://www.folkest.com/,"Folkest, international folk festival - Spilimbergo",163
https://www.tanzgruppe.org/language/it/contatti/,Contatti | Gruppo ballo folcloristico Ortisei,164
http://www.proloconorbello.it/contatti/,Contatti,165
https://www.budoniwelcome.it/gruppo-folk-san-giovanni-battista/,Gruppo Folk San Giovanni Battista - Budoni Welcome,166
https://www.lucignanofolk.it/contacts/index.php,CONTATTI,167
http://www.comune.florinas.ss.it/dettagli.aspx?c=1&sc=34&id=16&tbl=contenuti,Comune di         Florinas - Gruppo Folk Figulinas,168
https://www.artefolk.it/,Artefolk.it – Corsi di balli folk a Torino – Artefolk organizza corsi ed eventi di balli folk e popolari,169
https://fluminimajor.wordpress.com/contatti/,,170,ERROR: Remote end closed connection without response
https://www.vistanet.it/cagliari/2017/05/13/gruppo-folk-sardo-gira-leuropa-insegnare-le-danze-tradizionali-ballade-ballade-bois/,Il gruppo folk sardo che gira l'Europa per insegnare le danze tradizionali: ecco i Ballade Ballade Bois | Cagliari - Vistanet,171
https://www.gruppofolkloristicokore.it/,Gruppo Folkloristico Kore 2020 | Enna,172
https://aostasera.it/rubriche/eventi/lou-tintamaro-de-cogne-compie-60-anni/,Lou Tintamaro de Cogne compie 60 anni - Aostasera,173
https://www.calabriacontatto.it/gran-premio-delle-generazioni-2020/,Assegnato il “Gran Premio delle Generazioni 2020″ | Calabria Contatto,174
https://bluediamondevents.net/it/,Blue Diamond Events | Folklore Festival,175
https://www.associazioneprosusa.it/gruppo-folkloristico/,,176,ERROR: The read operation timed out
http://www.musicanelleaie.it/home/,Home,177
http://www.2ruotealpago.it/il-comitato/contatti,,178
https://serenataallatarantella.com/contatti/,Contatti – Vistsen,179
https://www.piemontecultura.it/chi-siamo/le-sedi-contatti/,,180,ERROR: The read operation timed out
http://www.gruppofolkinebrodi.it/contatti.php,"Gruppo Folklorico ""I NEBRODI"" - Ficarra",181
http://www.tatarata.info/home/,Associazione Folklorica TATARATA' - 92025 CASTELTERMINI (AG) - ITALY,182
http://www.holzhockar.it/,,183,ERROR: HTTP Error 406: Not Acceptable
http://www.fbamusic.net/contacts.htm,F.B.A. - CONTATTI,184
https://www.valseriana.eu/arte-e-cultura/associazione-culturale-gli-zanni-ranica/,Associazione culturale gli Zanni di Ranica,185
https://www.comune.orani.nu.it/index.php/vivere/cultura/47,            GRUPPO FOLK ORANI                        | Comune di Orani                        ,186
https://vincantomusica.it/,Vincanto – Gruppo di studio e riproposizione della musica di tradizione orale italiana,187
http://www.pisafolk.org/info/contatti/,,188,ERROR: HTTP Error 999: AW Special Error
http://www.villaurbana.net/sumassaiu/?page_id=12,SU MASSAIU   » I nostri contatti,189
http://www.comune.sanroberto.rc.it/index.php?action=index&p=1560,"Gruppo Folkloristico San Roberto ""La Storia"" 1976/2019 - Comune di San Roberto",190
https://www.rockit.it/webnew/index.php,"Rockit musica italiana, rock, concerti, festival, testi canzoni e baci",191
http://www.ipicettdelgrenta.it/contatti/,Contatti – I Picett del Grenta,192
https://www.mattanza.org/,Mattanza - Gruppo Musicale Et(n)ico e AssociazIone Culturale,193
https://maggiolatalucignanese.it/?page_id=220,Gruppo Folkloristico – Maggiolata Lucignanese,194
https://www.blogfoolk.com/p/contatti_7.html,Contatti - Blogfoolk,195
https://www.histonium.net/notizie/attualita/6001/e-online-il-sito-del-gruppo-folkloristico-aniello-polsi,E' ONLINE IL SITO DEL GRUPPO FOLKLORISTICO ''ANIELLO POLSI'',196
https://www.unionesarda.it/articolo/cultura/2020/06/04/gruppi-folk-sardi-e-ripresa-delle-attivita-il-sindaco-di-usini-sc-8-1025766.html,Gruppi folk sardi e ripresa delle attività: il sindaco di Usini scrive a Solinas - L'Unione Sarda.it,197
https://www.videolina.it/tg/servizi,Servizi TG - TG - Videolina,198
https://www.thefork.it/,,199,ERROR: HTTP Error 403: Forbidden
https://do24.it/companies/506504/associazione-culturale-gruppo-folkloristico-la-zagara/,"ASSOCIAZIONE CULTURALE GRUPPO FOLKLORISTICO LA ZAGARA, Catania: contatti, telefono, indirizzo, lavoro ASSOCIAZIONE CULTURALE GRUPPO FOLKLORISTICO LA ZAGARA, recensioni • Pagine Gialle d'Italia",200
https://do24.it/companies/506714/associazione-culturale-gruppo-folkloristico-la-zagara/,"ASSOCIAZIONE CULTURALE GRUPPO FOLKLORISTICO LA ZAGARA, Catania: contatti, telefono, indirizzo, lavoro ASSOCIAZIONE CULTURALE GRUPPO FOLKLORISTICO LA ZAGARA, recensioni • Pagine Gialle d'Italia",201
https://www.ladige.it/eventi/musica/2020/06/04/rocce-rosse-mix-folk-rock-rivisitare-canti-montagna,"Rocce Rosse, mix di folk e rock per rivisitare i canti di montagna | l'Adige.it",202
https://www.carmenconsoli.it/,Carmen Consoli sito ufficiale,203
https://radiogold.it/cronaca/232196-concerto-yo-yo-mundi-martiri-benedicta/,Domenica gli Yo Yo Mundi suonano per i martiri della Benedicta,204
http://www.gruppotetris.org/,Gruppo Tetris | Trieste,205
https://www.glonaabot.it/articoli-correlati/il-montecchi-di-suzzara-ritorna-alla-normalita,Il ''Montecchi'' di Suzzara ritorna alla nor ... | GLONAABOT,206
https://www.ventiperquattro.it/2020/04/15/spiagge-parchi-acquatici-e-concessioni-il-governatore-puglia-michele-emiliano-firma-specifica-ordinanza/,"Spiagge, parchi acquatici e concessioni: il governatore Puglia Michele Emiliano firma specifica ordinanza - VentiperQuattro",207
https://www.truemetal.it/band/bitterness,Bitterness - True Metal,208
https://www.atnews.it/2020/06/la-pro-loco-di-castiglione-dasti-tra-feste-annullate-e-impegno-sociale-nellanno-del-40-anniversario-110342/,La Pro Loco di Castiglione d'Asti tra feste annullate e impegno sociale nell'anno del 40° anniversario - ATNews.it,209
https://www.linkoristano.it/,LinkOristano.it | Il quotidiano della provincia di Oristano,210
https://www.idealo.it/,Confronta prezzi e risparmia sui tuoi acquisti online | IDEALO,211
https://www.giornale7.it/gli-yo-yo-mundi-in-concerto-per-non-dimenticare-i-martiri-della-benedicta/,Gli Yo Yo Mundi in concerto per non dimenticare i martiri della Benedicta,212
https://www.optimagazine.com/2020/06/03/distichos-di-marina-malopulos-un-disco-in-cui-si-mescolano-fado-suggestioni-mediorientali-flamenco-e-musica-folk/1829881,"Distichòs di Marina Mulopulos: un disco in cui si mescolano fado, suggestioni mediorientali, flamenco e musica folk",213
https://www.sardegnaturismo.it/it/riti-e-simboli-dei-matrimoni-della-tradizione,Riti e simboli dei matrimoni della tradizione | SardegnaTurismo - Sito ufficiale del turismo della Regione Sardegna,214
https://www.compagniasoleluna.it/,Gruppo Internazionale Di Pizzica Folk Rock - Compagnia SoleLuna,215
https://ivl24.it/vacanze-al-mare-le-regole-per-lestate-2020-dalla-spiaggia-prenotata-al-divieto-di-feste-e-a-distanza-pure-in-acqua/,"Vacanze al mare, le regole per l’estate 2020: dalla spiaggia prenotata al divieto di feste. E a distanza pure in acqua - ivl24.it",216
https://www.thun.com/it_it/mid-season-sale.html,Mid Season Sale,217
https://alzamantes.com/contatti-alzamantes/,,218,ERROR: The read operation timed out
https://www.bolzano-bozen.it/contatti.htm,Azienda di Soggiorno e Turismo di Bolzano - Contatti,219
http://www.reggioreport.it/,"Reggio Report | Notizie, rumors, inchieste, opinioni e libertà",220
https://www.ariadicasanostra.it/gruppo/,,221,ERROR: The read operation timed out
http://agenda.comune.bologna.it/cultura/,Bologna Agenda Cultura,222
https://www.rollingstone.it/musica/i-20-dischi-fondamentali-del-post-punk-inglese/519571/,I 20 dischi fondamentali del post punk inglese | Rolling Stone Italia,223
http://www.monginevrocultura.net/,Associazione Monginevro Cultura,224
https://gallurainformazione.net/palau-stasera-la-prima-festa-di-santantonio-di-monti-canu/,"Palau. Stasera la prima Festa di sant'Antonio di Monti Canu | Gallura Informazione - Quotidiano gallurese con informazioni, news, notizie, articoli sulla Gallura in Sardegna",225
https://ostuninews.it/coronavirus-numero-dei-contagi-vicino-allo-zero-un-solo-positivo-oggi-in-puglia-in-provincia-di-foggia/,"Coronavirus, numero dei contagi vicino allo zero: un solo positivo oggi in Puglia in provincia di Foggia - Ostuni News",226
https://www.ilmartino.it/2020/06/premio-loano-2020-vince-donna-voja-e-fronna-di-umbriaensemble-lucilla-galeazzi/,"Premio Loano 2020, vince ""Donna, voja e fronna"" di UmbriaEnsemble & Lucilla Galeazzi - Il Martino",227
https://www.comunicati-stampa.fvg.it/la-via-piu-semplice-di-dario-sn-the-easy-way-e-il-disco-di-debutto-del-giovane-cantautore-udinese/,"La via più semplice di Dario SN: ""The Easy Way"" è il disco di debutto del giovane cantautore udinese | Comunicati Stampa FVG",228
https://www.jazzinfamily.com/o-aperto-da-saudade-artisti-vari/,O Aperto da Saudade - Artisti Vari | Jazz in Family,229
https://www.telenicosia.it/arcelormittal-piano-da-3200-esuberi/,"ArcelorMittal, piano da 3200 esuberi – TeleNicosia",230
https://www.mondadoristore.it/Aether-violet-edition-Moon-And-The-Nightsp/eai088438831020/,Aether - violet edition - Moon And The Nightsp - Mondadori Store,231
http://www.teleacras.com/wp1/2020/06/02/dal-3-giugno-in-sicilia-istruzioni-per-luso/,"Dal 3 giugno in Sicilia, “istruzioni per l’uso” (video) – Teleacras",232
https://www.radiocittafujiko.it/bluedaze-siamo-tutti-un-po-hodad/, Bluedaze: siamo tutti un po’ “hodad” Radio Città Fujiko -,233
http://www.vigintimillys.altervista.org/contatti_-_gruppo_.html,Contatti - Gruppo ,234
http://www.arbitalia.it/arte/gruppi/gruppi_folk.htm,,235,ERROR: HTTP Error 999: AW Special Error
https://www.akzonobel.com/en/italy,AkzoNobel Italy | AkzoNobel,236
https://videomuzik.biz/video/gruppo-folk-sicilia-bedda-junior-presentazione-e-contatti-hd-44x4h3j4n5d4j526w3s5n3.html,,237,ERROR: The read operation timed out
https://www.raicultura.it/,Rai Cultura - Il portale di Rai dedicato alla cultura.,238
https://www.indafondazione.org/,INDA | Istituto Nazionale Dramma Antico | Fondazione ONLUS | Siracusa | Spettacoli classici e attività culturali,239
http://www.valdinievoleoggi.it/,"Home ..:: Valdinievole Oggi ::.. Notizie, News, Fatti, personaggi, politica della Valdinievole",240
