https://vk.com/veretenze,Фольклорный ансамбль «Веретёнце» | VK,1
https://vk.com/clubdomostroyspb,"Фольклорный ансамбль ""Домострой"" | VK",2
https://folkteatr.ru/groups/folklornyiy-ansambl-rossiyane/,        Фольклорный ансамбль «Россияне» | Официальный сайт театра «Русская песня»    ,3
https://www.olsztyn.eu/ru/kultura/kulturnoe-obrazovanie/kak-zanimajutsja-muzykoi/folklornye-ansambli.html,Фольклорные ансамбли,4
http://folkrus.com/contacts,"Контакты — Русский фольклорный ансамбль ""Совечёра""",5
https://college-art.ru/collectives/folklornyiy-ansambl-belyie-rosyi/,"ФОЛЬКЛОРНЫЙ АНСАМБЛЬ ""БЕЛЫЕ РОСЫ"" — Сахалинский колледж искусств",6
https://academcc.ru/folklornyj-ansambl-kruglyj-god/,Фольклорный ансамбль “Круглый год” – Культурный центр Академический,7
https://dk-pobeda.mo.muzkult.ru/zatejniki,"Дворец культуры «Победа» | Образцовый коллектив ""Фольклорный ансамбль «Затейники»",8
http://www.cvrakadem.ru/dlya_vas__roditeli/divisions_cta/division_of_artistic_creativity/folklore_ensemble__quot_springs_quot_/,"Фольклорный ансамбль «Роднички» / Отдел художественного творчества / Отделы ЦВР / Для вас, родители / ЦВР ДМ Академический",9
http://xn--n1aemg.xn--p1ai/component/content/article/2-uncategorised/242-raspisanie-raboty-studij,Областной центр русского фольклора и этнографии,10
https://kc-arhangelskoe.ru/groups/besedushka,"Народный коллектив ""Фольклорный ансамбль ""Беседушка"" — Официальный сайт КЦ ""Архангельское"" филиал МАУК ККДК ""Подмосковье""",11
http://nagati.ru/dir/muzyka/folklornyj_ansambl_nagatica/2-1-0-8,"Фольклорный ансамбль ""Нагатица"" - Музыка  - Каталог студий - Дом культуры ""Нагатино""",12
http://rgups.ru/content-pages/fol-klornyi-ansambl-1230/,Фольклорный ансамбль «Любава»,13
https://bashedu.ru/ru/kollektivy/narodnyi-russkii-folklornyi-ansambl-tausen,,14,ERROR: <urlopen error [SSL: CERTIFICATE_VERIFY_FAILED] certificate verify failed: unable to get local issuer certificate (_ssl.c:1108)>
http://dtdu.ru/otkrytaya-shkola/qq-97,,15,ERROR: HTTP Error 403: Forbidden
https://severstolici.ru/startoval-nabor-v-detskij-folklornyj-ansambl-sao/,Стартовал набор в детский фольклорный ансамбль САО | Север Столицы,16
http://ast63.ru/index.php?option=com_content&view=article&id=1812&Itemid=101,"Фольклорный ансамбль «Заряница», г.о. Отрадный",17
https://www.meria.kg/ru/post/18930,            Поздравляем! Столичный фольклорный ансамбль «Ибарат» стал победителем фестиваля в Узбекистане | Мэрия        ,18
https://pskgu.ru/page/fe342daf-d9a4-429f-84bb-f333941be2c9,Фольклорный ансамбль «Плескава» - Псковский Государственный Университет,19
http://svetoch.minsk.edu.by/main.aspx?guid=3731,"Образцовый фольклорный ансамбль 'Жарт' ::  ЦДО ДиМ ""Светоч"" г.Минска",20
http://torama.club/,"Фольклорный ансамбль Торама — Государственное автономное учреждение Республики Мордовия ""Фольклорный ансамбль ""Торама"". Официальный сайт. Учредитель — Министерство культуры, национальной политики и архивного дела Республики Мордовия.  ",21
http://ckscheb.ru/?p=1143,Народный фольклорный ансамбль «Уяв» — Централизованная клубная система города Чебоксары,22
http://www.spark-interfax.ru/mordoviya-respublika-saransk/gau-folklorny-ansambl-torama-inn-1326222642-ogrn-1121326002269-6906d9acc1d9226ae0531b9aa8c04bb6,"ГАУ ФОЛЬКЛОРНЫЙ АНСАМБЛЬ ТОРАМА, Саранск: ИНН 1326222642, ОГРН 1121326002269, адрес, телефон, сайт, реквизиты, выписка из ЕГРЮЛ",23
https://www.bermenchek.ru/contacts/,Контакты,24
http://dkzt.ru/%D0%BE%D0%B1%D1%80%D0%B0%D0%B7%D1%86%D0%BE%D0%B2%D1%8B%D0%B9-%D1%84%D0%BE%D0%BB%D1%8C%D0%BA%D0%BB%D0%BE%D1%80%D0%BD%D1%8B%D0%B9-%D0%B0%D0%BD%D1%81%D0%B0%D0%BC%D0%B1%D0%BB%D1%8C-%D0%BF%D1%80%D0%B0/,"Образцовый фольклорный ансамбль ""Праздник"" - Дом Культуры Знамя Труда",25
http://anichkov.ru/page/teremok/,Фольклорный ансамбль «Теремок» | Санкт-Петербургский городской Дворец творчества юных,26
https://rockgig.net/event/328980,   - 14  2019 -  |  | RockGig,27
http://kontaktpls.ru/%D1%81%D0%BE%D0%B1%D1%8B%D1%82%D0%B8%D0%B5/alenushka-kontsert-obraztsovogo-folklornogo-ansamblya/?instance_id=556,,28,ERROR: HTTP Error 404: Not Found
http://tks-np.ru/index/222.html?task=view,Детский фольклорный ансамбль «Славяночка»,29
http://dvv1.ru/dejatelnost/ansambl-sudarushki/,Ансамбль фольклорной песни «Сударушки»,30
https://assembly.kz/ru/news/etno-folklornyy-ansambl-sarmad-zvuchanie-melodii-velikoy-stepi/,Этно-фольклорный ансамбль «Сармад»: Звучание мелодии великой степи,31
https://amumgk.ru/college/bands/podsevaha,Ансамбль «Подсеваха» — Академическое музыкальное училище при МГК имени П. И. Чайковского,32
https://kremlinpalace.org/events/siyayushchie-vershiny-kavkaza-festival-tancuy-i-poy-moya-rossiya,«Сияющие вершины Кавказа» | Государственный Кремлёвский Дворец,33
http://tuvsu.ru/student/212/,"Фольклорный ансамбль ""Дынгылдай""",34
https://www.filarmonia-tula.ru/ispolniteli/kollectivy/?ELEMENT_ID=540,Фольклорный ансамбль «Услада»,35
https://mkro.donland.ru/about/suborg/21/,Государственный ансамбль песни и пляски Донских казаков имени Анатоля Квасова / Министерство культуры Ростовской области,36
http://www.smolensk-filarmonia.ru/content/folklornyy-ansambl-solistov-tausen,"Фольклорный ансамбль солистов ""Таусень"" | Смоленская областная филармония",37
http://www.culture.bsu.by/index.php/collectives,,38,ERROR: HTTP Error 403: Forbidden
http://rumina.ru/,Театр Людмилы Рюминой,39
https://zilcc.ru/studio/music/488.html,Фольклорный ансамбль «Ожерелье» / Музыка / Кружки и студии / Культурный центр ЗИЛ,40
https://checko.ru/company/gau-folklorny-ansambl-torama-1121326002269,"ГАУ ""ФОЛЬКЛОРНЫЙ АНСАМБЛЬ ""ТОРАМА"" - Саранск - Директор Николаев Андрей Алексеевич",41
http://dmsh21sar.ru/contacts.html,Контакты,42
http://www.vrnfolk.ru/kontakty,,43,ERROR: 'NoneType' object has no attribute 'text'
http://kcsalut.ru/direction/music/209/,"Детский фольклорный ансамбль ""Таночек""",44
http://www.omsk-gcnt.ru/contacts,Контакты,45
https://chitigen19.ru/uncategorized/aylanis/,Фольклорный ансамбль «Айланыс» - Читiген,46
https://gov-murman.ru/info/news/279531/,Фольклорный ансамбль «Потешенки» празднует 15-летие,47
http://xn--10-6kci3akcf0a7abanl1e.xn--80acgfbsl1azdqr.xn--p1ai/,Екатеринбургская детская школа искусств №10,48
https://ufacity.info/press/news/333946.html,Уфимский фольклорный ансамбль песни и танца «Мирас» успешно выступил на фестивалях в Болгарии,49
https://radost.mskobr.ru/add_edu/fol_klornoe_otdelenie/obrazovanie/fol_klornyj_ansambl_svetyolka/,"Фольклорный ансамбль «Светёлка», ГБОУ ДО ЦТР и МЭО ""Радость"", Москва",50
http://ddut-mosk.spb.ru/m145-menu.html,Фольклорный ансамбль «Побасенка» ,51
https://zachestnyibiznes.ru/company/ul/1075900006467_5902139472_ANO-FOLYKLORNYY-ANSAMBLY,"АНО ""ФОЛЬКЛОРНЫЙ АНСАМБЛЬ"", Пермь, ИНН 5902139472, ОГРН 1075900006467 - реквизиты, отзывы, контакты, рейтинг.",52
https://promoter.by/artisty/populyarnye-artisty/291-beseda,"Фольклорный ансамбль Бяседа (Беседа) на праздник, заказать фольклорный ансамбль Бяседа (Беседа) в Минске",53
https://dvpion.ru/kurs/orl.asp, ,54
http://www.venets-kostroma.ru/contacts.html,Фольклорный ансамбль «Венец»,55
http://dk-gagarina.ru/%D0%BD%D0%B0%D1%80%D0%BE%D0%B4%D0%BD%D1%8B%D0%B9-%D0%BA%D0%BE%D0%BB%D0%BB%D0%B5%D0%BA%D1%82%D0%B8%D0%B2-%D1%85%D0%BE%D1%80-%D1%80%D1%83%D1%81%D1%81%D0%BA%D0%BE%D0%B9-%D0%BF%D0%B5%D1%81%D0%BD%D0%B8/,"Народный коллектив хор русской песни «Рябинушка», фольклорный ансамбль «Вечорка» – Дворец культуры имени Ю.А. Гагарина",56
https://zoon.ru/msk/public_services/folklornyj_ansambl_povere/,"Фольклорный ансамбль Поверье - отзывы, фото, цены, телефон и адрес - Госуслуги - Москва - Zoon.ru",57
http://dmsh34-spb.ru/kollektivy,Коллективы,58
https://www.kamgov.ru/subordinate-entity/view?id=270,КГБУ «Корякский фольклорный ансамбль танца «Ангт»,59
https://cdt-kirov.ru/union/otdel-hudozhestvenno-esteticheskogo-t/folklornyj-ansambl-rodnichok/,"            Фольклорный ансамбль ""Родничок"" - МОАУ ДО ЦРТДЮ ЛАБИРИНТ        ",60
http://addnt.ru/creative-groups,Творческие коллективы — Портал Ассамблеи и Дома Дружбы народов Татарстана,61
https://swsu.ru/structura/oooitg/ctrs/vocal/folk/kamanitsa/index.php,"Фольклорный ансамбль ""Купава"" | Юго-Западный государственный университет",62
http://ocntpskov.ru/kdu-oblasti/tvocheskie-kollektivy/folklornye-kollektivy/,ФОЛЬКЛОРНЫЕ КОЛЛЕКТИВЫ — Псковский областной центр народного творчества,63
http://ddncrimea.ru/tvorcheskie-kollektivy-ddn/,"Творческие коллективы ДДН — ГБУ РК ""Дом дружбы народов""",64
http://uk.minsk.gov.by/gorodskoi-dvorets-kultury,Минский городской дворец культуры,65
https://uv-kurier.ru/2019/09/27/folklornyj-ansambl-vystupit-v-tekstilshhikah/,Фольклорный ансамбль выступит в Текстильщиках | Юго-Восточный Курьер,66
https://nationalcultures.by/jerebuni/,Эребуни — nationalcultures.by,67
https://2gis.ru/ufa/firm/2393065583203300,"Мирас, фольклорный ансамбль песни и танца, ГДК, Октября проспект, 137, Уфа — 2ГИС",68
http://anapakult.ru/index.php/uchrezhdeniya/tvorcheskie-kollektivy,Творческие коллективы - Управление культуры города-курорта Анапа,69
https://prokopievsk.ru/news/drugie-novosti/prokopevskiy-folklornyy-ansambl-pokoril-kazan/,"Прокопьевский фольклорный ансамбль покорил Казань, Другие новости",70
https://www.xn----8sbae0bfgbfigdfd4av3bzjnap.xn--p1ai/%D0%BA%D0%BE%D0%BD%D1%82%D0%B0%D0%BA%D1%82%D1%8B,Фольклорный ансамбль Moscow Village Band,71
https://xn--80aabfed6bj3anj.xn--p1ai/kontakty/,Контакты – Районный Дворец культуры,72
http://ckr-belogorsk.ru/contacts,"Контакты - МАУК ""Центр культурного развития"" им. В.М. Приемыхова г. Белогорск",73
https://www.philharmonia.spb.ru/collectives/about/99647/,  -   . .. - -  - -    .. ,74
https://remesla-khv.ru/index.php/events/312-vnimanie,Внимание!!!!! - Народные ремесла - МАУДО Центр детского творчества,75
https://xn----dtbeybb0aa2ah.xn--p1ai/%D0%BA%D0%BE%D0%BB%D0%BB%D0%B5%D0%BA%D1%82%D0%B8%D0%B2%D1%8B/%D0%BA%D1%80%D0%B0%D1%81%D0%BE%D1%82%D0%B0/,Дворец Культуры | фольклорный ансамбль «КрАсота» - Дворец Культуры,76
https://xn--80aanohipc0acgm6a.xn--p1ai/%D0%BA%D0%BE%D0%BD%D1%82%D0%B0%D0%BA%D1%82%D1%8B/,Контакты — Образцовый фольклорный ансамбль «Туесок»,77
http://bashpredmsk.bashkortostan.ru/ru/about/news/novosti/folklornyy-ansambl-ak-tirma-snyalsya-v-klipe-ko-dnyu-konstitutsii/," Фольклорный  ансамбль ""Ак тирма"" снялся в клипе ко Дню Конституции",78
http://www.mosconsv.ru/ru/groups.aspx?id=22202,МГК им. Чайковского - Фольклорный ансамбль,79
http://www.bashinform.ru/news/1163838-v-ufe-folklornyy-ansambl-pesni-i-tantsa-miras-zakryl-tvorcheskiy-sezon/,В Уфе Фольклорный ансамбль песни и танца «Мирас» закрыл творческий сезон // КУЛЬТУРА | новости башинформ.рф,80
http://www.dshi3.tomsk.ru/index.php/8-articles/44-biruza,"Фольклорный ансамбль ""Бирюза"" - Детская школа искусств № 3",81
http://www.shkolaiskusstv.ru/kollektivy/folklornyj-ansambl-vesl-ed,Фольклорный ансамбль «Vesläžed»,82
https://cnt.ocktula.ru/kollektivyi/folklornyie-ansambli.html,"Фольклорные коллективы, студии, кружки | Центр народного творчества",83
http://www.nsglinka.ru/kontsert-folklornyh-kollektivov-v-ngk/,Концерт фольклорных коллективов в НГК | Новосибирская государственная консерватория имени М. И. Глинки,84
https://lifekostroma.ru/tvorcheskie-kollektivy-kostromy-i-kostromskoj-oblasti/folklornye-kollektivy-kostromy/folklornyj-ansambl-venec-kostroma,Фольклорный ансамбль Венец Кострома: описание и контакты,85
https://www.dedovskdk.com/zabavushka,"Фольклорный ансамбль ""Забавушка"" | МУК «Дедовский КДК»",86
http://xn--5-gtbmg5e.xn--p1ai/%D0%BA%D0%BE%D0%BD%D1%82%D0%B0%D0%BA%D1%82%D1%8B/,Контакты | ДШИ №5 им.В.Д.Пономарева,87
http://www.gornyak.oskol-kultura31.ru/o-nas/kllektivy/ansambl-pesni-i-tanca-zavalinka/,"Ансамбль песни и танца ""Завалинка"" | Центр культурного развития «Горняк»",88
http://www.dd.omsk.ru/www/dom-druzhbi.nsf/015f210e781b068d46256b80003ab141/b7a2d8d38213510cc6257a98003c2d18?OpenDocument,,89,ERROR: timed out
https://culture.pl/ru/artist/gosudarstvennyy-narodnyy-ansambl-pesni-i-tanca-mazovshe,Государственный народный ансамбль песни и танца «Мазовше» - Жизнь и творчество | Персоналии | Culture.pl,90
http://folc.ru/creative-teams/,Творческие коллективы | Астраханский областной научно-методический центр народной культуры,91
http://aelitatomsk.ru/kollektivy/pages132-3/,"ФЭА ""Пересек"" | Аэлита",92
https://lunn.ru/page/folklornyy-ansambl-siniy-lyon-priglashaet-nizhegorodcev-na-svyatochnuyu-vechorku,Фольклорный ансамбль «Синий Лён» приглашает — Лингвистический университет,93
http://dkzio.ru/?page_id=580,Детский фольклорный ансамбль «Ленок» — Дом Культуры ЗИО,94
http://mdk-mansk.bdu.su/2015/06/29/koncert-prezentaciya-diskov-folklornogo-ansamblya-sudarushki/,"Концерт-презентация дисков фольклорного ансамбля «Сударушки» » Муниципальное бюджетное учреждение культуры ""Манская централизованная клубная система""",95
https://admpriozersk.ru/cultura/tvorch,Творческие коллективы,96
https://klinradonitsa.jimdofree.com/%D0%BA%D0%BE%D0%BD%D1%82%D0%B0%D0%BA%D1%82%D1%8B/,"Контактная информация - фольклорный  ансамбль ""радоница"" г.Клин",97
http://dk-slip.ru/projects/tvorcheskie-kollektivy/tvorcheskoe-obedinenie-karusel/folklornyy-ansambl-karuselka/,"Фольклорный ансамбль ""Каруселька"" - ДК «СЛИП»",98
http://glazunovcons.ru/conservatory/orchestras_and_bands/istoki,"Петрозаводская государственная консерватория Фольклорный ансамбль ""Истоки""",99
http://www.zabavafolk.ru/ru/node/676,"Контакты | Фольклорно-этнографический ансамбль ""Забава""",100
http://dkdok.ru/," ДК ""Химик"" им. Н.И. Докторова",101
http://www.shush.ru/direction/6/folklornyy-ansambl-pleten.php,Фольклорный ансамбль «Плетень»,102
http://www.vereskvyborg.ru/kontakty.html,"Контакты - Фольклорный ансамбль Вереск - организация праздников, туризм в Выборге",103
http://rublevoart.ru/collectives/%D0%BC%D1%83%D0%B7%D1%8B%D0%BA%D0%B0-%D0%B8-%D0%B2%D0%BE%D0%BA%D0%B0%D0%BB/folklore-ensemble-lace,Кружево,104
http://www.yar-filarmoniya.ru/performers/view.php?id=328,"Ярославская государственная филармония, Коллективы, и, солисты. Фольклорный ансамбль «Карагод»",105
https://dshi4-nsk.ru/o-shkole/tvorcheskie-kollektivy/49-folklornyj-ansambl-ladushki.html,Детская школа искусств №4 - ФОЛЬКЛОРНЫЙ АНСАМБЛЬ «ЛАДУШКИ» (рук. Сайко С.И.),106
http://www.music-ural.ru/index.php/roditelyam-i-uchashchimsya/dz2020/folkans,"МБУ ДО ""ДШИ"" НГО - Фольклорный ансамбль",107
https://kulturaokt.by/2011-06-04-14-23-59/2011-06-04-14-27-25.html,график работы,108
http://dkhdzr.ru/collectives/sudarka,Народный фольклорный ансамбль «Сударка+»,109
http://ccart.moscow/studios/polyane,"Фольклорный ансамбль ""Поляне""",110
http://admin.tomsk.ru/pgs/24l,Официальный портал муниципального образования 'Город Томск': Творческие коллективы,111
http://vladimir-shkola6.ru/Svedeniya_ob_obrazovatelnoy_organizatsii/Horovoe_otdelenie/,   6 -  ,112
https://etnocenter.ru/kollektivi/kollektivi-rk/finnougrickollektivrk/9402.html,Центр народного творчества и культурных инициатив Республики Карелия. Детский фольклорный ансамбль «Vesläžed»,113
https://mincult.tatarstan.ru/rus/gosudarstvennoe-byudzhetnoe-uchrezhdenie-kulturi-2509057.htm,"ГБУК РТ ""Государственный фольклорный ансамбль кряшен ""Бермянчек""",114
http://chgik.ru/prepodavaemye-pedagogicheskimi-rabotnikami-discipliny/folklornyy-ansambl,Фольклорный ансамбль | Челябинский государственный институт культуры,115
http://dmh22.ru/creative_teams/zaigrysh/,Фольклорный ансамбль Заигрыш - Детская музыкальная школа №22 (ДМШ №22) г. Мариинск,116
http://www.kamcnt.ru/traditional_culture/national_collectives/675/,"  """" -    ",117
https://pjatnica.com/component/contact/category/12-.html?Itemid=13,«Ильинская пятница». - Фольклорный ансамбль. г. Рига - «Ильинская пятница». - Фольклорный ансамбль. г. Рига,118
http://www.gdkb.ru/category/contact/,Контакты » Городской Дворец Культуры г. Белорецк,119
http://www.sibborodino.ru/index.php/kultura/item/905-%D0%BC%D1%83%D0%BD%D0%B8%D1%86%D0%B8%D0%BF%D0%B0%D0%BB%D1%8C%D0%BD%D0%BE%D0%B5-%D0%B1%D1%8E%D0%B4%D0%B6%D0%B5%D1%82%D0%BD%D0%BE%D0%B5-%D1%83%D1%87%D1%80%D0%B5%D0%B6%D0%B4%D0%B5%D0%BD%D0%B8%D0%B5-%D0%BA%D1%83%D0%BB%D1%8C%D1%82%D1%83%D1%80%D1%8B-%D0%B3%D0%BE%D1%80%D0%BE%D0%B4%D1%81%D0%BA%D0%BE%D0%B9-%D0%B4%D0%B2%D0%BE%D1%80%D0%B5%D1%86-%D0%BA%D1%83%D0%BB%D1%8C%D1%82%D1%83%D1%80%D1%8B-%D1%83%D0%B3%D0%BE%D0%BB%D1%8C%D1%89%D0%B8%D0%BA,,120,ERROR: 'NoneType' object has no attribute 'text'
http://yakkii.ru/fotogalereya/ansambl-tantsa-rk-n.html,"  Ансамбль танца “ӨРКӨН” - ГБПОУ РС(Я) ""Якутский колледж Культуры и Искусств""",121
http://www.veretenze.ru/,Веретенце - образцовый детский фольклорный ансамбль,122
http://www.poverie.ru/,Фольклорный ансамбль Поверье,123
http://xn----dtbwlc4c.xn--p1ai/kollektivy/folklornyj-udmurtskij-ansambl-invozho.html,Фольклорный удмуртский ансамбль «Инвожо»,124
https://students.kpfu.ru/node/222,Фольклорный ансамбль «Салям» | Сайт для студентов КФУ,125
https://ddtomsk.nubex.ru/contact/,БОУ ДО г. Омска «Дом детского творчества Ленинского административного округа». Контакты,126
http://admsel.ru/index.php/kultura/dvorets-kultury/folklornyj-ansambl-selyane,Администрация города Сельцо - Фольклорный ансамбль «Селяне»,127
http://minskpalac.by/studii/vokal/50-narodnyj-ansambl-narodnoj-pesni-i-muzyki-shchodrytsa.html,Народный ансамбль народной песни и музыки «Шчодрыца»,128
https://kulturarb.ru/ru/obrazy-bash-ortostana/folklornyj-ansambl-tanca-miras,Фольклорный ансамбль танца «Мирас» - Культурный мир Башкортостана,129
http://www.xn----7sbpmbawupcmaf.xn--p1ai/materi-rossii-pozdravili-detskij-folklornyj-ansambl-yasenka-s-20-letnim-yubileem,Фотогалерея - Матери России поздравили детский фольклорный ансамбль Ясенька с 20-летним Юбилеем | Всероссийское общественное движение Союз матерей России,130
https://kpravda.ru/2019/07/11/roman-starovojt-podderzhit-kurskij-folklornyj-ansambl-larecz/,Роман Старовойт поддержит курский фольклорный ансамбль “Ларец” – Курская правда,131
http://xn--80abmsfh7be3b.xn--p1ai/studii-i-kruzhki/byudzhetnyie/lyubushata/,,132,ERROR: 'NoneType' object has no attribute 'text'
https://dkntmk.ru/contacts,Контакты - Центр культуры и искусства НТМК / ДК НТМК и ДК Школьников,133
https://ddnmgn.ru/kollektivy/bash-kollektivy/63-narodnyy-kollektiv-folklornyy-ansambl-karlugas-lastochka.html,Народный коллектив фольклорный ансамбль «Карлугас» (Ласточка) » Магнитогорский Дом дружбы народов,134
http://kulturanao.ru/about/collectives.html,,135,ERROR: timed out
http://rdntur.ru/2019/09/18/%D0%BD%D0%B0%D1%80%D0%BE%D0%B4%D0%BD%D1%8B%D0%B9-%D1%84%D0%BE%D0%BB%D1%8C%D0%BA%D0%BB%D0%BE%D1%80%D0%BD%D1%8B%D0%B9-%D0%B0%D0%BD%D1%81%D0%B0%D0%BC%D0%B1%D0%BB%D1%8C-%D0%B0%D0%B7%D0%B2%D0%B5/,Народный фольклорный ансамбль «Азвесь гырлы» наградят в Москве,136
http://odnt.ru/rayonnyiy-dom-kulturyi/karagod-folklornyiy-ansambl.html,«Карагод» - Фольклорный ансамбль | Областной Дом народного творчества,137
https://bavly.tatarstan.ru/rus/potapovo-tumbarlinskiy-selskiy-dom-kulturi.htm,Потапово-Тумбарлинский сельский дом культуры,138
https://pfo.spr.ru/samara-i-volzhskiy-rayon/lada-folklorniy-ansambl.html,"   | , ,  ,   |  .,  ., 65/67",139
http://ddt-oranienbaum.ru/otdely/culture/ladushkiteam.html,"Фольклорный ансамбль ""Ладушки""",140
http://artcenter.ru/vserossijskaya-nauchno-prakticheskaya-konferenciya-pograniche-kultur-i-iskusstvo-kazachestva-programma-meropriyatij/,РИИИ  » 21-23 ноября 2013 г. Всероссийская конференция «Культура межэтнических контактов. Художественно-музыкальная традиция. Пограничье культур и искусство казачества»,141
https://indonesia.mid.ru/arhiv-novostej-2015-/-/asset_publisher/gD2Gg28ylluR/content/id/21609705,О выступлении фольклорного ансамбля учащихся школы при Посольстве России в Джакарте - Архив новостей (2015) - Посольство Российской Федерации в Республике Индонезии,142
http://dcrusich.ru/kollektivy-i-klubnye-formirovaniya/muzykalnoe-napravlenie/detskiy-folklornyy-kollektiv-guselki/,Детский фольклорный коллектив «Гусельки» - МБУК г.о.Тольятти «ДЦ «Русич»,143
https://mendeleevsk.tatarstan.ru/25-aprelya-2017-goda-folklorniy-ansambl-kryashen-a.htm,"25 апреля 2017 года фольклорный ансамбль кряшен «Ак Чишма» Брюшлинского СДК принял участие на гала-концерте XVI Районного фестиваля народного творчества ""Фестиваль национальных культур"" в  г.Менделеевск",144
http://muzuch.kz/%D1%84%D0%BE%D0%BB%D1%8C%D0%BA%D0%BB%D0%BE%D1%80%D0%BD%D1%8B%D0%B9-%D0%B0%D0%BD%D1%81%D0%B0%D0%BC%D0%B1%D0%BB%D1%8C-%D0%BA%D0%B0%D0%B7%D0%B0%D1%85%D1%81%D0%BA%D0%B8%D1%85-%D0%BD%D0%B0%D1%80%D0%BE/,"Фольклорный ансамбль казахских народных инструментов и хореографический ансамбль ""Кербез"" - Музыкальное училище им. Мукана Тулебаева",145
https://xn--b1aebw4ab.xn--p1ai/kontakty/,КОНТАКТЫ | ДКР г.Севастополь,146
https://xn----7sbktbhhetkoxlc7k.xn--p1ai/podvedomstvennye-uchrezhdeniya/dom-kultury/,Районный Дом культуры – Отдел культуры Иглинский район,147
http://matrenaart.ru/kontakty,Контакты |Фольклорного ансамбля МАТРЁНА-АРТ г. Москва тел. 8 (926) 194-59-25,148
https://xn--d1admb6b.xn--p1ai/perezvony-folklornyj-ansambl-obja/,"“ПЕРЕЗВОНЫ”: фольклорный ансамбль объявляет набор – МУК ДК г. Жуковский | Муниципальное Учреждение Культуры ""Дворец Культуры""",149
http://dsi15.ru/kontakty,Контакты,150
http://druzhba.mcc.moscow/news/?new=49,"Детский фольклорный ансамбль ""Сударушка""",151
http://cultura-cnk.ru/narodnie-kollektivi/narodniy-kollektiv-folklorniy-ansambl-ladanka/,Народный коллектив фольклорный ансамбль «Ладанка» | Центр народной культуры Ульяновской области (ЦНК),152
https://philharmonic.by/ru/artists/svyata-zasluzhennyy-kollektiv-respubliki-belarus-belorusskiy-gosudarstvennyy-ansambl,"Свята, заслуженный коллектив Республики Беларусь Белорусский государственный ансамбль народной музыки | Белорусская государственная филармония",153
http://smrgaki.ru/creative/larets.html,"Фольклорный ансамбль ""Ларец""",154
http://www.ablaikhan.kz/ru/about-us/our-university/news/12-university/983-%D1%8D%D1%82%D0%BD%D0%BE-%D1%84%D0%BE%D0%BB%D1%8C%D0%BA%D0%BB%D0%BE%D1%80%D0%BD%D1%8B%D0%B9-%D0%B0%D0%BD%D1%81%D0%B0%D0%BC%D0%B1%D0%BB%D1%8C-%C2%AB%D1%82%D1%83%D1%80%D0%B0%D0%BD%C2%BB.html,Этно-фольклорный ансамбль «Туран»,155
http://gdk-rub.ru/kontakty,Контакты | МБУ «Дворец культуры «Тракторостроитель»,156
http://szr-coll-isk.ru/tvorcheskie-kolektivy/folklornyy-ansambl-zhivaya-voda/,Фольклорный ансамбль «Живая вода»,157
https://musorgsky.ru/tvorchestvo/folklornyy-ansambl/,Фольклорный ансамбль • Санкт-Петербургское музыкальное училище имени М.П. Мусоргского,158
http://radugahor.ru/folklornyy-ansambl,Фольклорный ансамбль,159
http://www.zodchie.ru/studii/muzyika/ladushki.html,Культурный центр Зодчие - Ладушки,160
https://www.rokiskiotic.lt/ru/%D0%BA%D0%BE%D0%BD%D1%82%D0%B0%D0%BA%D1%82%D1%8B,Контакты | Rokiškio turizmo ir tradicinių amatų informacijos ir koordinavimo centras,161
http://idkontakt.ru/video/12121/,Фольклорный ансамбль «Прялицы» отметил 30-летний юбилей / Видео / Новости. Междуреченск. ИД КОНТАКТ,162
http://www.nkmus.ru/about/struktura/ansambl-dobro.html,"Ансамбль ""Добро"" - Нижневартовский краеведческий музей им.Т.Д. Шуваева",163
https://www.di-nv.ru/vse-kollektivy/item/120-runy,«Заслуженный коллектив народного творчества Российской Федерации» «народный самодеятельный коллектив» ансамбль фольклорной песни «Руны»,164
https://www.classictic.com/ru/%D0%B2%D0%B5%D0%BD%D0%B3%D0%B5%D1%80%D1%81%D0%BA%D0%B8%D0%B9_%D1%84%D0%BE%D0%BB%D1%8C%D0%BA%D0%BB%D0%BE%D1%80%D0%BD%D1%8B%D0%B9_%D0%B0%D0%BD%D1%81%D0%B0%D0%BC%D0%B1%D0%BB%D1%8C/11985/811141/,"Венгерский фольклорный ансамбль, Будапешт",165
http://dksuvenir.ru/rodnie-napevy,Фольклорный ансамбль,166
https://sr-rs.facebook.com/pages/category/Musician-Band/azurecolorvrn/about/,"Фольклорный ансамбль ""Лазоревый цвет"" - Информације | Фејсбук",167
http://chibatuha.ru/,"Фольклорный ансамбль «Чибатуха», на праздник, свадьбу в русском стиле.",168
http://www.folkcentr.ru/category/folklore-groups/spravochnik-folklornyx-kollektivov/,Справочник фольклорных коллективов — Центр русского фольклора,169
http://www.muzikschool2.kirov.ru/,МБУДО «Детская музыкальная школа № 2»,170
https://eventcatalog.ru/artist/foljklornye_ansambli_kollektivy/,,171,ERROR: got more than 100 headers
https://russiankolorit.ru/contacts/,"КОНТАКТЫ | НАРОДНЫЙ АНСАМБЛЬ ""РУССКИЙ КОЛОРИТ""",172
http://www.dshi1-nk.ru/,"""ДШИ №1"" Детская школа искусств №1 в Новокузнецке. Официальный сайт.",173
https://sr.wikipedia.org/sr-ec/%D0%94%D0%B0%D1%82%D0%BE%D1%82%D0%B5%D0%BA%D0%B0:Tanec_folk_ensemble_Macedonia_1.jpg,"Датотека:Tanec folk ensemble Macedonia 1.jpg — Википедија, слободна енциклопедија",174
http://www.ddut-irk.ru/pub/img/QA/5198/DOPLuchinushka.pdf,,175,ERROR: 'NoneType' object has no attribute 'text'
https://grozny.tv/news.php?id=38050,Ансамбль песни и танца «Нохчо» вышел в полуфинал Всемирного фестиваля-конкурс искусства «World folk vision»,176
http://www.zvontsy.ru/,"Фольклорный ансамбль ""ЗВОНЦЫ"". Официальный сайт. Москва - Главная страница",177
http://www.electrostal.ru/,,178,ERROR: timed out
http://mintrud.cap.ru/news/2020/06/05/podvedeni-itogi-respublikanskogo-tvorcheskogo-onla,Подведены итоги Республиканского творческого онлайн-конкурс «Я счастливый ребенок» | Министерство труда и социальной защиты Чувашской Республики,179
http://www.mgomz.ru/,МГОМЗ | Московский государственный объединенный художественный историко-архитектурный и природно-ландшафтный музей-заповедник,180
http://visim-centr.ru/,Висимский ЦК,181
http://satrab74.ru/news/kultura/8237-v-suleinskoj-chajke-podveli-itogi-rajonnogo-tvorcheskogo-konkursa,В сулеинской «Чайке» подвели итоги районного творческого конкурса - Саткинский рабочий,182
https://www.2do2go.ru/events/86319/kurs-sekrety-nastoyashchego-oratora,"Курс «Секреты настоящего оратора» 2016 в месте: Бизнес-пространство «Контакт» — в Белгороде — описание и программа мероприятия, дата, место и время проведения — цены на билеты, отзывы — Обучение на 2do2go",183
https://www.culture.ru/,,184,ERROR: The read operation timed out
"http://fusee.tv/video/290/Folklornyi_ansambl_Vepsjan_paio/?nation=4,5,6,7,8,9,10,11&page=3&",Фольклорный ансамбль «Vepsjan paio» | ФИННОУГРОвидение,185
http://dk-krgorka.ru/news/kinozal/,Новости,186
http://vmagadan.ru/index.php?newsid=3685,":    » "" "" / -",187
https://tengrinews.kz/music/etnoansambl-zapisal-kompozitsiyu-pamyat-bauyirjane-401490/,Этноансамбль записал композицию в память о Бауыржане Момышулы | Tengrinews.kz,188
https://tver.bezformata.com/listnews/posetili-kontakt-tcentr-fns/23501122/,Тверь | Представители Федеральной миграционной службы посетили Контакт-центр ФНС России - БезФормата,189
https://kdc.yanao.ru/valentin-valgamov-valentin-valgamov,Валентин Вальгамов / Valentin Valgamov,190
https://rg.ru/2020/06/03/reg-pfo/na-voprosy-chitatelej-rg-otvetili-eksperty-i-chinovniki.html,"На вопросы читателей ""РГ"" ответили эксперты и чиновники — Российская газета",191
https://radiovesti.ru/news/2415678/,"Пушкинский день в России отмечают в онлайн-формате /  / Радиостанция ""Вести FM"" Прямой эфир/Слушать онлайн",192
https://my18.ru/litseistam/novosti/tvorcheskaya-karusel/,,193
https://gretchaninov.music.mos.ru/,"ГБУДО г. Москвы                               ""Детская музыкальная школа имени А.Т. Гречанинова"": Главная",194
https://vestitula.ru/lenta/32064,День защиты детей в Тульской области придётся отметить онлайн,195
https://www.youtube.com/watch?v=0JQ0xnJyb0A,Отава Ё – Сумецкая (русские частушки под драку) Otava Yo - russian couplets while fighting - YouTube,196
http://dk-kurchatova.ru/papers/3903,Итоги конкурса творчества «КУРЧ.ФЕСТ - 2020»,197
http://taxi-marnelavallee.fr/vgkxfu8/strezov-strings.html,Strezov strings,198
https://vestinn.ru/news/society/151556/, ,199
http://in-narofominsk.ru/novosti,Новости,200
https://uralpress.ru/news/kultura/dlya-vas-poyut-alina-duhno-i-ivan-kabanov-1,Для вас поют Алина Духно и Иван Кабанов | Свежие новости Челябинска и области,201
http://agiki.ru/uploads/default/files/15568e52506c266d2078a9c4a274a3db.pdf,,202,ERROR: 'NoneType' object has no attribute 'text'
https://mkdkarlekino.ru/p13aa1.html,""""", """"",203
https://cnk-ahtubinsk.ru/dom-kultury-s-pokrovka-provel-dlya-detej-distanczionnyj-konkurs-risunkov-u-lukomorya-priurochennyj-ko-dnyu-rozhdeniya-a-s-pushkina/html,Дом культуры с. Покровка провел для детей дистанционный конкурс рисунков «У лукоморья» приуроченный ко дню рождения А.С.Пушкина — Центр народной культуры,204
https://mosparks.ru/about/info/anounces/1067/?dzscal_date=6-5-2020,Интеллектуальные настольные игры в парке «Северное Тушино»,205
https://argayash.com/,Аргаяш-Медиа  — все новости,206
http://istoki.tv/news/kultura/?month=02&year=2020&amp%3BF_DATE_ACTIVE_FROM_1=9.3.2020&amp%3BF_DATE_ACTIVE_FROM_2=9.3.2020&PAGEN_1=7,Культура,207
http://dvinanews.ru/culture,Культура · Новости Архангельска и Архангельской области. Сетевое издание DVINANEWS,208
http://dkontact.ucoz.ru/index/ansambl_russkoj_narodnoj_pesni_quot_sudarushka_quot/0-12,"МАУК ""Дом культуры ""КОНТАКТ"" - Ансамбль русской народной песни ""Сударушка""",209
https://glasnarod.ru/novosti/2-raznye-novosti/325717-den-rozhdeniya-aleksandra-pushkina-stavropolczy-otmetyat-onlajn,День рождения Александра Пушкина ставропольцы отметят онлайн,210
http://ckpk23.ru/%D0%BE%D0%BD%D0%BB%D0%B0%D0%B9%D0%BD-%D0%B3%D0%BE%D0%BB%D0%BE%D1%81%D0%BE%D0%B2%D0%B0%D0%BD%D0%B8%D0%B5-%D0%BA%D1%80%D0%B0%D0%B5%D0%B2%D0%BE%D0%B3%D0%BE-%D0%BE%D0%BD%D0%BB%D0%B0%D0%B9%D0%BD-%D0%BA/,Онлайн-голосование  краевого онлайн-конкурса детского художественного творчества «Ты – лучший!» | Краевой учебно-методический центр,211
http://www.spbdeluxe.ru/,"  -     ,   .      (-)  ,        ",212
https://az.sputniknews.ru/health/20200603/424105664/V-TBB-podrobnee-rasskazali-o-vozmozhnykh-zapretakh-i-prizvali-grazhdan-k-solidarnosti.html,В TƏBİB подробнее рассказали о возможных запретах и призвали граждан к солидарности,213
https://www.kolos-74.ru/video/date/2018/3/26.html,"Понедельник, 26 Март 2018 - Колос",214
https://ru.sputnik.md/martsishor2020/,Весенние праздники: Мэрцишор-2020,215
https://e-nkama.ru/raion/History/history.php,,216,ERROR: The read operation timed out
https://sputnik-abkhazia.ru/authors/chitanava_aynar/,Айнар Читанава,217
https://tass.ru/kultura/8663879,Регионы России впервые отметят Пушкинский день в онлайн-формате -  Культура - ТАСС,218
http://www.folkinfo.ru/,Доменное имя временно заблокировано.,219
https://file.liga.net/holidays/den_russkogo_yazyka_,"День русского языка : 6 июня, фото, история, описание, приметы",220
https://www.inform.kz/ru/kazahstan-byl-i-budet-territoriey-druzhby-i-soglasiya-svetlana-gezha_a3658651,Казахстан был и будет территорией дружбы и согласия - Светлана Гежа,221
https://stv24.tv/novosti/den-rozhdenya-pushkina-v-stavropole-otmetyat-v-rezhime-onlajn/,День рожденья Пушкина в Ставрополе отметят в режиме онлайн | Своё ТВ,222
https://tvtver.ru/news/igor-rudenya-soobshhil-o-vvedenii-v-tverskoj-oblasti-vyplaty-na-detej-16-17-let/,,223
http://krasnogorsk-adm.ru/news/pushkinskiy-den-otmetyat-v-krasnogorske-onlayn.html,Новости  / Администрация городского округа Красногорск Московской области,224
https://udmddn.ru/karta-sajta/,,225,ERROR: The read operation timed out
http://vechorka.ru/news/v-stavropole-den-rozhdeniya-aleksandra-pushkina-otmetyat-onlay/,В Ставрополе день рождения Александра Пушкина отметят онлайн,226
https://www.biletik.aero/handbook/blog/puteshestvie-po-zolotomu-koltsu-drevniy-gorod-suzdal/,✈ Путешествие по Золотому кольцу: древний город Суздаль,227
https://www.jazzmap.ru/news/2020-06-04-tchaikovsky-kruglov-sooyaar-quartet.php,"TCHAIKOVSKY. KRUGLOV-SOOÄÄR QUARTET. ""Мы любим Вашу музыку, Пётр Ильич!"" | Jazzmap.ru",228
https://eurasia.expert/didyulya-tvorcheskiy-put-gitarista-virtuoza-iz-belarusi/,Дидюля: творческий путь легендарного гитариста-виртуоза из Беларуси,229
http://www.berkultura.ru/afisha-meroprijatij/4263-onlajn-afisha-c-01-iyunya-po-08-iyunya-2020-g,,230,ERROR: HTTP Error 403: Forbidden
https://moldovainform.md/,Новости Молдовы,231
https://svitnov.com/ua/culture/103026745-borba-i-muki-v-muzee-istorii-kieva-otkryvaetsja-novaja-vystavka/,"""Борьба и муки"": в Музее истории Киева открывается новая выставка - svitnov.com",232
http://trksever.ru/topic/?tags=%20%D0%94%D0%B2%D0%BE%D1%80%D0%B5%D1%86%20%D0%BA%D1%83%D0%BB%D1%8C%D1%82%D1%83%D1%80%D1%8B%20%22%D0%90%D1%80%D0%BA%D1%82%D0%B8%D0%BA%D0%B0," Дворец культуры ""Арктика",233
https://gonchartula.ru/,Школа эстрадного искусства Юрия Гончара - Первое занятие бесплатно!,234
https://pasper.ru/pesni-na-stihi-pushkina/,Песни на стихи Пушкина в эстрадном жанре,235
https://2gis.kz/uralsk/firm/70000001035385463,"Звездочка, фольклорный ансамбль, Курмангазы, 163/1, Уральск — 2ГИС",236
http://ctr-omsk.ru/leftmenu/Detskie-obedineniya/Narodnyy-ansambl-pesni-i-tanca-METELICA,"Народный ансамбль песни и танца ""МЕТЕЛИЦА"" - БОУ «ЦТР и ГО»",237
http://xn--80aaacosuvktrav4i.xn--p1ai/index.php/rus-tk/russkie-tvorcheskie-kollektivy,Русские творческие коллективы,238
https://www.kalinkafolk.ru/,Ансамбль Калинка имени А.Н.Филиппова - официальный сайт ансамбля,239
https://www.conservatory.ru/,Санкт-Петербургская государственная консерватория имени Н. А. Римского-Корсакова,240
https://www.souvenirband.com/blank-3,ансамбль народной песни фольклорный казачий souvenirband.com бэнд,241
